2026-05-08 13:32:51,270 [INFO] Activator:176 - 


2026-05-08 13:32:51,273 [INFO] Activator:177 - !SESSION log4j initialized
2026-05-08 13:32:55,673 [INFO] LogOutputStream:77 - [STDOUT_REDIRECT] 
2026-05-08 13:32:57,447 [INFO] ApplicationProperties:184 - Using Application install path: D:\STM32CubeIDE_1.16.1\STM32CubeIDE\plugins\com.st.stm32cube.common.mx_6.12.1.202409122256
2026-05-08 13:32:57,469 [INFO] DbMcusXml:78 - Set database path to: D:\STM32CubeIDE_1.16.1\STM32CubeIDE\plugins\com.st.stm32cube.common.mx_6.12.1.202409122256\\db\/mcu/
2026-05-08 13:32:57,469 [INFO] ApiDb:274 - Set plugin database path to: D:\STM32CubeIDE_1.16.1\STM32CubeIDE\plugins\com.st.stm32cube.common.mx_6.12.1.202409122256\\db\/plugins/boardmanager/
2026-05-08 13:32:57,471 [WARN] ApiDb:259 - Overriding images path with different value:  => D:\STM32CubeIDE_1.16.1\STM32CubeIDE\plugins\com.st.stm32cube.common.mx_6.12.1.202409122256\\db\/plugins/mcufinder/images/
2026-05-08 13:32:57,477 [INFO] ApiDb:250 - Set database path to: C:\Users\trung\.stmcufinder\plugins\mcufinder//mcu/
2026-05-08 13:32:57,479 [INFO] DbMcusAds:125 - Set database path to: C:\Users\trung\.stmcufinder\plugins\mcufinder//mcu/
2026-05-08 13:32:57,485 [INFO] CrossReferenceDbSqlite:203 - Set database path to: C:\Users\trung\.stmcufinder\plugins\mcufinder//mcu/cs/
2026-05-08 13:32:57,620 [INFO] RulesReader:64 - Compatibility file has been processed (297 Rules)
2026-05-08 13:32:57,729 [INFO] DbMcusXml:78 - Set database path to: D:\STM32CubeIDE_1.16.1\STM32CubeIDE\plugins\com.st.stm32cube.common.mx_6.12.1.202409122256\\db\/mcu/
2026-05-08 13:32:57,729 [INFO] ApiDb:274 - Set plugin database path to: D:\STM32CubeIDE_1.16.1\STM32CubeIDE\plugins\com.st.stm32cube.common.mx_6.12.1.202409122256\\db\/plugins/boardmanager/
2026-05-08 13:32:57,729 [INFO] ApiDb:261 - Set plugin images path to: D:\STM32CubeIDE_1.16.1\STM32CubeIDE\plugins\com.st.stm32cube.common.mx_6.12.1.202409122256\\db\/plugins/mcufinder/images/
2026-05-08 13:32:57,730 [WARN] DbFile:41 - Overriding database path with different value: C:\Users\trung\.stmcufinder\plugins\mcufinder/ => C:\Users\trung\.stmcufinder\plugins\mcufinder
2026-05-08 13:32:57,730 [INFO] ApiDb:250 - Set database path to: C:\Users\trung\.stmcufinder\plugins\mcufinder//mcu/
2026-05-08 13:32:57,730 [WARN] DbFile:41 - Overriding database path with different value: C:\Users\trung\.stmcufinder\plugins\mcufinder/ => C:\Users\trung\.stmcufinder\plugins\mcufinder
2026-05-08 13:32:57,730 [INFO] DbMcusAds:125 - Set database path to: C:\Users\trung\.stmcufinder\plugins\mcufinder//mcu/
2026-05-08 13:32:57,730 [WARN] DbFile:41 - Overriding database path with different value: C:\Users\trung\.stmcufinder\plugins\mcufinder/ => C:\Users\trung\.stmcufinder\plugins\mcufinder
2026-05-08 13:32:57,730 [WARN] DbFile:41 - Overriding database path with different value: C:\Users\trung\.stmcufinder\plugins\mcufinder/ => C:\Users\trung\.stmcufinder\plugins\mcufinder
2026-05-08 13:32:57,730 [INFO] CrossReferenceDbSqlite:203 - Set database path to: C:\Users\trung\.stmcufinder\plugins\mcufinder//mcu/cs/
2026-05-08 13:32:57,821 [INFO] MainPanel:268 - HeapMemory: 268435456
2026-05-08 13:32:57,921 [INFO] DbMcusXml:78 - Set database path to: D:\STM32CubeIDE_1.16.1\STM32CubeIDE\plugins\com.st.stm32cube.common.mx_6.12.1.202409122256\\db\/mcu/
2026-05-08 13:32:57,921 [INFO] ApiDb:274 - Set plugin database path to: D:\STM32CubeIDE_1.16.1\STM32CubeIDE\plugins\com.st.stm32cube.common.mx_6.12.1.202409122256\\db\/plugins/boardmanager/
2026-05-08 13:32:57,921 [INFO] ApiDb:261 - Set plugin images path to: D:\STM32CubeIDE_1.16.1\STM32CubeIDE\plugins\com.st.stm32cube.common.mx_6.12.1.202409122256\\db\/plugins/mcufinder/images/
2026-05-08 13:32:57,922 [WARN] DbFile:41 - Overriding database path with different value: C:\Users\trung\.stmcufinder\plugins\mcufinder/ => C:\Users\trung\.stmcufinder\plugins\mcufinder
2026-05-08 13:32:57,922 [INFO] ApiDb:250 - Set database path to: C:\Users\trung\.stmcufinder\plugins\mcufinder//mcu/
2026-05-08 13:32:57,922 [WARN] DbFile:41 - Overriding database path with different value: C:\Users\trung\.stmcufinder\plugins\mcufinder/ => C:\Users\trung\.stmcufinder\plugins\mcufinder
2026-05-08 13:32:57,922 [INFO] DbMcusAds:125 - Set database path to: C:\Users\trung\.stmcufinder\plugins\mcufinder//mcu/
2026-05-08 13:32:57,923 [WARN] DbFile:41 - Overriding database path with different value: C:\Users\trung\.stmcufinder\plugins\mcufinder/ => C:\Users\trung\.stmcufinder\plugins\mcufinder
2026-05-08 13:32:57,923 [WARN] DbFile:41 - Overriding database path with different value: C:\Users\trung\.stmcufinder\plugins\mcufinder/ => C:\Users\trung\.stmcufinder\plugins\mcufinder
2026-05-08 13:32:57,923 [INFO] CrossReferenceDbSqlite:203 - Set database path to: C:\Users\trung\.stmcufinder\plugins\mcufinder//mcu/cs/
2026-05-08 13:32:57,941 [INFO] ApplicationProperties:184 - Using Application install path: D:\STM32CubeIDE_1.16.1\STM32CubeIDE\plugins\com.st.stm32cube.common.mx_6.12.1.202409122256
2026-05-08 13:32:57,943 [INFO] PluginManage:196 - Search for loadable plugins [exclusion list=, ]
2026-05-08 13:32:57,945 [INFO] PluginManage:310 - Check plugin analytics
2026-05-08 13:32:58,193 [INFO] AnalyticsPlugin:253 - Accepted Software Licenses: 
2026-05-08 13:32:58,193 [INFO] AnalyticsPlugin:255 - Accepted CMSIS Pack Licenses: 
2026-05-08 13:32:58,193 [INFO] AnalyticsPlugin:257 - Accepted Firmware Licenses: FW.F4.1.28.0
2026-05-08 13:32:58,197 [INFO] PluginManage:359 - Loaded plugin analytics (category:tool,tabindex:-1)
2026-05-08 13:32:58,199 [INFO] PluginManage:310 - Check plugin cadmodel
2026-05-08 13:32:58,205 [INFO] CADModel:105 - Init CAD model plugin
2026-05-08 13:32:58,205 [INFO] PluginManage:359 - Loaded plugin cadmodel (category:power,tabindex:5)
2026-05-08 13:32:58,205 [INFO] PluginManage:310 - Check plugin clock
2026-05-08 13:32:58,217 [INFO] PluginManage:359 - Loaded plugin clock (category:base,tabindex:2)
2026-05-08 13:32:58,217 [INFO] PluginManage:310 - Check plugin ddr
2026-05-08 13:32:58,222 [INFO] PluginManage:359 - Loaded plugin ddr (category:tool,tabindex:6)
2026-05-08 13:32:58,222 [INFO] PluginManage:310 - Check plugin filemanager
2026-05-08 13:32:58,404 [INFO] PluginManage:359 - Loaded plugin filemanager (category:base,tabindex:10)
2026-05-08 13:32:58,404 [INFO] PluginManage:310 - Check plugin ipmanager
2026-05-08 13:32:58,413 [INFO] PluginManage:359 - Loaded plugin ipmanager (category:base,tabindex:5)
2026-05-08 13:32:58,413 [INFO] PluginManage:310 - Check plugin lpbam
2026-05-08 13:32:58,423 [INFO] PluginManage:359 - Loaded plugin lpbam (category:base,tabindex:0)
2026-05-08 13:32:58,424 [INFO] PluginManage:310 - Check plugin memorymap
2026-05-08 13:32:58,436 [INFO] PluginManage:359 - Loaded plugin memorymap (category:base,tabindex:4)
2026-05-08 13:32:58,436 [INFO] PluginManage:310 - Check plugin pinoutandconfiguration
2026-05-08 13:32:58,450 [INFO] PluginManage:359 - Loaded plugin pinoutandconfiguration (category:base,tabindex:1)
2026-05-08 13:32:58,450 [INFO] PluginManage:310 - Check plugin pinoutconfig
2026-05-08 13:32:58,589 [WARN] SupportedApi:132 - Cannot load RTOS API schema: s4s-elt-must-match.1: The content of 'definitions' must match (annotation?, (simpleType | complexType)?, (unique | key | keyref)*)). A problem was found starting at: attribute.
2026-05-08 13:32:58,726 [INFO] PluginManage:359 - Loaded plugin pinoutconfig (category:base,tabindex:0)
2026-05-08 13:32:58,726 [INFO] PluginManage:310 - Check plugin power
2026-05-08 13:32:58,736 [INFO] PluginManage:359 - Loaded plugin power (category:power,tabindex:4)
2026-05-08 13:32:58,736 [INFO] PluginManage:310 - Check plugin projectmanager
2026-05-08 13:32:58,755 [INFO] PluginManage:359 - Loaded plugin projectmanager (category:projectmanager,tabindex:4)
2026-05-08 13:32:58,755 [INFO] PluginManage:310 - Check plugin rif
2026-05-08 13:32:58,760 [INFO] PluginManage:359 - Loaded plugin rif (category:base,tabindex:3)
2026-05-08 13:32:58,760 [INFO] PluginManage:310 - Check plugin thirdparty
2026-05-08 13:32:58,905 [INFO] PluginManage:359 - Loaded plugin thirdparty (category:base,tabindex:-1)
2026-05-08 13:32:58,905 [INFO] PluginManage:310 - Check plugin tools
2026-05-08 13:32:58,905 [WARN] IntegrityCheckThread:84 - waiting for thirdparty lock release [integrity check]
2026-05-08 13:32:58,905 [INFO] IntegrityCheckThread:86 - entering critical section [integrity check]
2026-05-08 13:32:58,906 [INFO] ThirdPartyUpdaterWithRetryManager:70 - Updater plugin not ready yet. [1/15]
2026-05-08 13:32:58,907 [INFO] PluginManage:359 - Loaded plugin tools (category:base,tabindex:7)
2026-05-08 13:32:58,907 [INFO] PluginManage:310 - Check plugin tutovideos
2026-05-08 13:32:59,094 [INFO] PluginManage:359 - Loaded plugin tutovideos (category:base,tabindex:-1)
2026-05-08 13:32:59,094 [INFO] PluginManage:310 - Check plugin updater
2026-05-08 13:32:59,112 [INFO] PluginManage:359 - Loaded plugin updater (category:base,tabindex:12)
2026-05-08 13:32:59,112 [INFO] PluginManage:310 - Check plugin userauth
2026-05-08 13:32:59,119 [INFO] UserAuth:113 - Init User Auth plugin
2026-05-08 13:32:59,120 [INFO] PluginManage:359 - Loaded plugin userauth (category:base,tabindex:14)
2026-05-08 13:32:59,120 [INFO] PluginManage:283 - PluginManage : Loaded plugins [18]
2026-05-08 13:32:59,395 [INFO] PinOutPanel:1561 - setPackage(No Configuration,No Configuration)
2026-05-08 13:32:59,556 [INFO] CADModel:165 - CPN selected for project level
2026-05-08 13:32:59,557 [INFO] CADModel:114 - Register for checkConnection events
2026-05-08 13:32:59,577 [INFO] IPUIPlugin:80 - create IPUIPlugin
2026-05-08 13:32:59,577 [INFO] PluginManager:220 - loadIPPluginJar : add adc
2026-05-08 13:32:59,581 [INFO] IPUIPlugin:80 - create IPUIPlugin
2026-05-08 13:32:59,581 [INFO] PluginManager:220 - loadIPPluginJar : add aes
2026-05-08 13:32:59,585 [INFO] IPUIPlugin:80 - create IPUIPlugin
2026-05-08 13:32:59,585 [INFO] PluginManager:220 - loadIPPluginJar : add can
2026-05-08 13:32:59,587 [INFO] IPUIPlugin:80 - create IPUIPlugin
2026-05-08 13:32:59,587 [INFO] PluginManager:220 - loadIPPluginJar : add comp
2026-05-08 13:32:59,589 [INFO] IPUIPlugin:80 - create IPUIPlugin
2026-05-08 13:32:59,590 [INFO] PluginManager:220 - loadIPPluginJar : add cryp
2026-05-08 13:32:59,593 [INFO] IPUIPlugin:80 - create IPUIPlugin
2026-05-08 13:32:59,594 [INFO] PluginManager:220 - loadIPPluginJar : add ddr_ctrl_phy
2026-05-08 13:32:59,597 [INFO] IPUIPlugin:80 - create IPUIPlugin
2026-05-08 13:32:59,597 [INFO] PluginManager:220 - loadIPPluginJar : add dfsdm
2026-05-08 13:32:59,602 [INFO] IPUIPlugin:80 - create IPUIPlugin
2026-05-08 13:32:59,603 [INFO] PluginManager:220 - loadIPPluginJar : add dma
2026-05-08 13:32:59,605 [INFO] IPUIPlugin:80 - create IPUIPlugin
2026-05-08 13:32:59,606 [INFO] PluginManager:220 - loadIPPluginJar : add dma3
2026-05-08 13:32:59,609 [INFO] IPUIPlugin:80 - create IPUIPlugin
2026-05-08 13:32:59,609 [INFO] PluginManager:220 - loadIPPluginJar : add extmemmanager
2026-05-08 13:32:59,611 [INFO] IPUIPlugin:80 - create IPUIPlugin
2026-05-08 13:32:59,611 [INFO] PluginManager:220 - loadIPPluginJar : add fatfs
2026-05-08 13:32:59,616 [INFO] IPUIPlugin:80 - create IPUIPlugin
2026-05-08 13:32:59,616 [INFO] PluginManager:220 - loadIPPluginJar : add fmc
2026-05-08 13:32:59,624 [INFO] IPUIPlugin:80 - create IPUIPlugin
2026-05-08 13:32:59,624 [INFO] PluginManager:220 - loadIPPluginJar : add freertos
2026-05-08 13:32:59,625 [INFO] IPUIPlugin:80 - create IPUIPlugin
2026-05-08 13:32:59,625 [INFO] PluginManager:220 - loadIPPluginJar : add genericplugin
2026-05-08 13:32:59,627 [INFO] IPUIPlugin:80 - create IPUIPlugin
2026-05-08 13:32:59,627 [INFO] PluginManager:220 - loadIPPluginJar : add gfxmmu
2026-05-08 13:32:59,634 [INFO] IPUIPlugin:80 - create IPUIPlugin
2026-05-08 13:32:59,634 [INFO] PluginManager:220 - loadIPPluginJar : add gic
2026-05-08 13:32:59,639 [INFO] IPUIPlugin:80 - create IPUIPlugin
2026-05-08 13:32:59,639 [INFO] PluginManager:220 - loadIPPluginJar : add gpio
2026-05-08 13:32:59,642 [INFO] IPUIPlugin:80 - create IPUIPlugin
2026-05-08 13:32:59,643 [INFO] PluginManager:220 - loadIPPluginJar : add gtzc
2026-05-08 13:32:59,645 [INFO] IPUIPlugin:80 - create IPUIPlugin
2026-05-08 13:32:59,645 [INFO] PluginManager:220 - loadIPPluginJar : add hash
2026-05-08 13:32:59,649 [INFO] IPUIPlugin:80 - create IPUIPlugin
2026-05-08 13:32:59,649 [INFO] PluginManager:220 - loadIPPluginJar : add i2c
2026-05-08 13:32:59,651 [INFO] IPUIPlugin:80 - create IPUIPlugin
2026-05-08 13:32:59,651 [INFO] PluginManager:220 - loadIPPluginJar : add i2s
2026-05-08 13:32:59,653 [INFO] IPUIPlugin:80 - create IPUIPlugin
2026-05-08 13:32:59,653 [INFO] PluginManager:220 - loadIPPluginJar : add i3c
2026-05-08 13:32:59,656 [INFO] IPUIPlugin:80 - create IPUIPlugin
2026-05-08 13:32:59,657 [INFO] PluginManager:220 - loadIPPluginJar : add ipddr
2026-05-08 13:32:59,664 [INFO] IPUIPlugin:80 - create IPUIPlugin
2026-05-08 13:32:59,664 [INFO] PluginManager:220 - loadIPPluginJar : add linkedlist
2026-05-08 13:32:59,667 [INFO] IPUIPlugin:80 - create IPUIPlugin
2026-05-08 13:32:59,667 [INFO] PluginManager:220 - loadIPPluginJar : add lorawan
2026-05-08 13:32:59,668 [INFO] IPUIPlugin:80 - create IPUIPlugin
2026-05-08 13:32:59,668 [INFO] PluginManager:220 - loadIPPluginJar : add ltdc
2026-05-08 13:32:59,675 [INFO] IPUIPlugin:80 - create IPUIPlugin
2026-05-08 13:32:59,676 [INFO] PluginManager:220 - loadIPPluginJar : add mdma
2026-05-08 13:32:59,679 [INFO] IPUIPlugin:80 - create IPUIPlugin
2026-05-08 13:32:59,679 [INFO] PluginManager:220 - loadIPPluginJar : add nvic
2026-05-08 13:32:59,681 [INFO] IPUIPlugin:80 - create IPUIPlugin
2026-05-08 13:32:59,682 [INFO] PluginManager:220 - loadIPPluginJar : add opamp
2026-05-08 13:32:59,685 [INFO] IPUIPlugin:80 - create IPUIPlugin
2026-05-08 13:32:59,685 [INFO] PluginManager:220 - loadIPPluginJar : add openamp
2026-05-08 13:32:59,687 [INFO] IPUIPlugin:80 - create IPUIPlugin
2026-05-08 13:32:59,689 [INFO] PluginManager:220 - loadIPPluginJar : add pdm2pcm
2026-05-08 13:32:59,695 [INFO] IPUIPlugin:80 - create IPUIPlugin
2026-05-08 13:32:59,699 [INFO] PluginManager:220 - loadIPPluginJar : add plateformsettings
2026-05-08 13:32:59,700 [INFO] IPUIPlugin:80 - create IPUIPlugin
2026-05-08 13:32:59,700 [INFO] PluginManager:220 - loadIPPluginJar : add quadspi
2026-05-08 13:32:59,702 [INFO] IPUIPlugin:80 - create IPUIPlugin
2026-05-08 13:32:59,702 [INFO] PluginManager:220 - loadIPPluginJar : add radio
2026-05-08 13:32:59,707 [INFO] IPUIPlugin:80 - create IPUIPlugin
2026-05-08 13:32:59,707 [INFO] PluginManager:220 - loadIPPluginJar : add resmgrutility
2026-05-08 13:32:59,710 [INFO] IPUIPlugin:80 - create IPUIPlugin
2026-05-08 13:32:59,710 [INFO] PluginManager:220 - loadIPPluginJar : add sai
2026-05-08 13:32:59,712 [INFO] IPUIPlugin:80 - create IPUIPlugin
2026-05-08 13:32:59,714 [INFO] PluginManager:220 - loadIPPluginJar : add spi
2026-05-08 13:32:59,719 [INFO] IPUIPlugin:80 - create IPUIPlugin
2026-05-08 13:32:59,719 [INFO] PluginManager:220 - loadIPPluginJar : add stm32_wpan
2026-05-08 13:32:59,721 [INFO] IPUIPlugin:80 - create IPUIPlugin
2026-05-08 13:32:59,721 [INFO] PluginManager:220 - loadIPPluginJar : add tim
2026-05-08 13:32:59,725 [INFO] IPUIPlugin:80 - create IPUIPlugin
2026-05-08 13:32:59,725 [INFO] PluginManager:220 - loadIPPluginJar : add touchsensing
2026-05-08 13:32:59,727 [INFO] IPUIPlugin:80 - create IPUIPlugin
2026-05-08 13:32:59,727 [INFO] PluginManager:220 - loadIPPluginJar : add tracer_emb
2026-05-08 13:32:59,729 [INFO] IPUIPlugin:80 - create IPUIPlugin
2026-05-08 13:32:59,729 [INFO] PluginManager:220 - loadIPPluginJar : add ts
2026-05-08 13:32:59,731 [INFO] IPUIPlugin:80 - create IPUIPlugin
2026-05-08 13:32:59,731 [INFO] PluginManager:220 - loadIPPluginJar : add tsc
2026-05-08 13:32:59,734 [INFO] IPUIPlugin:80 - create IPUIPlugin
2026-05-08 13:32:59,735 [INFO] PluginManager:220 - loadIPPluginJar : add ucpd
2026-05-08 13:32:59,737 [INFO] IPUIPlugin:80 - create IPUIPlugin
2026-05-08 13:32:59,738 [INFO] PluginManager:220 - loadIPPluginJar : add usart
2026-05-08 13:32:59,741 [INFO] IPUIPlugin:80 - create IPUIPlugin
2026-05-08 13:32:59,741 [INFO] PluginManager:220 - loadIPPluginJar : add usbx
2026-05-08 13:32:59,914 [INFO] CADModel:165 - CPN selected for project level
2026-05-08 13:32:59,914 [INFO] CADModel:114 - Register for checkConnection events
2026-05-08 13:32:59,915 [FATAL] Updater:334 - Updater called before beeing initialized
2026-05-08 13:32:59,915 [ERROR] CADModel:125 - Updater not yet initialized, retry later 
2026-05-08 13:33:00,091 [INFO] CADModel:165 - CPN selected for project level
2026-05-08 13:33:00,092 [INFO] CADModel:114 - Register for checkConnection events
2026-05-08 13:33:00,092 [FATAL] Updater:334 - Updater called before beeing initialized
2026-05-08 13:33:00,092 [ERROR] CADModel:125 - Updater not yet initialized, retry later 
2026-05-08 13:33:00,095 [FATAL] Updater:334 - Updater called before beeing initialized
2026-05-08 13:33:00,231 [FATAL] Updater:334 - Updater called before beeing initialized
2026-05-08 13:33:00,235 [INFO] DbMcusAds:53 - JSON generation date=Fri Apr 10 16:19:02 ICT 2026 (1775812742310)
2026-05-08 13:33:00,236 [FATAL] Updater:334 - Updater called before beeing initialized
2026-05-08 13:33:00,279 [WARN] DetailPanel:346 - Failed to get advertising image, set to default
2026-05-08 13:33:00,393 [FATAL] Updater:334 - Updater called before beeing initialized
2026-05-08 13:33:00,395 [FATAL] Updater:334 - Updater called before beeing initialized
2026-05-08 13:33:00,395 [FATAL] Updater:334 - Updater called before beeing initialized
2026-05-08 13:33:00,395 [WARN] DetailPanel:346 - Failed to get advertising image, set to default
2026-05-08 13:33:00,397 [FATAL] Updater:334 - Updater called before beeing initialized
2026-05-08 13:33:00,460 [ERROR] Updater:1164 - MainUpdater not yet initialized. External WinMGr cannot be set.
2026-05-08 13:33:00,464 [INFO] Updater:1100 - Updater Version found : 6.12.1
2026-05-08 13:33:00,486 [INFO] ApplicationProperties:184 - Using Application install path: D:\STM32CubeIDE_1.16.1\STM32CubeIDE\plugins\com.st.stm32cube.common.mx_6.12.1.202409122256
2026-05-08 13:33:01,907 [INFO] ThirdPartyUpdaterWithRetryManager:70 - Updater plugin not ready yet. [2/15]
2026-05-08 13:33:02,089 [ERROR] LogOutputStream:75 - [STDERR_REDIRECT] May 08, 2026 1:33:02 PM java.util.prefs.WindowsPreferences <init>
2026-05-08 13:33:02,091 [ERROR] LogOutputStream:75 - [STDERR_REDIRECT] WARNING: Could not open/create prefs root node Software\JavaSoft\Prefs at root 0xffffffff80000002. Windows RegCreateKeyEx(...) returned error code 5.
2026-05-08 13:33:02,091 [ERROR] LogOutputStream:75 - [STDERR_REDIRECT] 
2026-05-08 13:33:02,601 [INFO] MainUpdater:2873 - connection check result : 10
2026-05-08 13:33:02,602 [INFO] MainUpdater:290 - Updater Check For Update Now.
2026-05-08 13:33:02,602 [INFO] MicroXplorer:498 - Change Database Version : DB.6.0.121
2026-05-08 13:33:02,610 [INFO] McuFinderGlobals:63 - Set McuFinder mode to 2 (CubeIDE integrated)
2026-05-08 13:33:02,612 [INFO] UserAuth:417 - Internet connection configuration mode: 1
2026-05-08 13:33:02,637 [INFO] JxBrowserEngine:152 - Initiate JxBrowser Engine with user profile folder
2026-05-08 13:33:02,846 [INFO] CheckServerUpdateThread:120 - End of CheckServer Thread
2026-05-08 13:33:03,473 [INFO] WebApp:167 - Instantiating new browser for Auth
2026-05-08 13:33:04,566 [INFO] WebApp:448 - Apply proxy settings
2026-05-08 13:33:04,567 [INFO] WebApp:533 - Chromium requires no authentication
2026-05-08 13:33:04,578 [INFO] WebApp:476 - Direct internet connection detected
2026-05-08 13:33:04,607 [INFO] WebApp:869 - Register for checkConnection events
2026-05-08 13:33:04,607 [INFO] WebApp:448 - Apply proxy settings
2026-05-08 13:33:04,607 [INFO] WebApp:533 - Chromium requires no authentication
2026-05-08 13:33:04,607 [INFO] WebApp:476 - Direct internet connection detected
2026-05-08 13:33:04,800 [INFO] WebApp:220 - Starting web application
2026-05-08 13:33:04,800 [INFO] WebApp:578 - Web application path used D:\STM32CubeIDE_1.16.1\STM32CubeIDE\plugins\com.st.stm32cube.common.mx_6.12.1.202409122256\db\plugins\mcufinder\reactClient1\index.html
2026-05-08 13:33:04,925 [INFO] UserAuth:417 - Internet connection configuration mode: 1
2026-05-08 13:33:04,952 [INFO] WebApp:186 - Connection restablished
2026-05-08 13:33:05,513 [WARN] PackLoader:240 - Cannot read IP mode file for STMicroelectronics.X-CUBE-AZRTOS-H7.3.5.0
2026-05-08 13:33:05,537 [WARN] PackLoader:240 - Cannot read IP mode file for STMicroelectronics.FP-SNS-MOTENVWB1.1.4.0
2026-05-08 13:33:05,551 [WARN] PackLoader:240 - Cannot read IP mode file for STMicroelectronics.FP-ATR-ASTRA1.2.0.2
2026-05-08 13:33:05,561 [WARN] PackLoader:240 - Cannot read IP mode file for STMicroelectronics.FP-ATR-ASTRA1.2.0.1
2026-05-08 13:33:05,577 [WARN] PackLoader:240 - Cannot read IP mode file for STMicroelectronics.X-CUBE-SMBUS.2.1.0
2026-05-08 13:33:05,595 [WARN] PackLoader:240 - Cannot read IP mode file for STMicroelectronics.X-CUBE-WB05N.1.1.0
2026-05-08 13:33:05,606 [ERROR] Engine:466 - C:\Users\trung\.stm32cubemx\thirdparties\pdsc\STMicroelectronics.X-CUBE-ST60.1.0.0.pdsc: PDSC version is not supported
2026-05-08 13:33:05,667 [WARN] PackLoader:240 - Cannot read IP mode file for STMicroelectronics.X-CUBE-AZRTOS-F7.1.1.0
2026-05-08 13:33:05,765 [WARN] PackLoader:240 - Cannot read IP mode file for STMicroelectronics.X-CUBE-MEMS1.11.0.0
2026-05-08 13:33:05,994 [ERROR] Engine:466 - C:\Users\trung\.stm32cubemx\thirdparties\pdsc\STMicroelectronics.FP-SNS-MOTENV1.5.1.0.pdsc: PDSC version is not supported
2026-05-08 13:33:05,999 [WARN] PackLoader:240 - Cannot read IP mode file for STMicroelectronics.FP-SNS-FLIGHT1.5.0.2
2026-05-08 13:33:06,020 [WARN] PackLoader:240 - Cannot read IP mode file for STMicroelectronics.X-CUBE-AZRTOS-H7.3.4.0
2026-05-08 13:33:06,037 [WARN] PackLoader:240 - Cannot read IP mode file for STMicroelectronics.X-CUBE-DISPLAY.3.0.0
2026-05-08 13:33:06,048 [WARN] PackLoader:240 - Cannot read IP mode file for STMicroelectronics.X-CUBE-GNSS1.7.1.1
2026-05-08 13:33:06,055 [ERROR] Engine:466 - C:\Users\trung\.stm32cubemx\thirdparties\pdsc\STMicroelectronics.FP-SNS-MOTENVWB1.1.5.0.pdsc: PDSC version is not supported
2026-05-08 13:33:06,062 [WARN] PackLoader:240 - Cannot read IP mode file for STMicroelectronics.X-CUBE-BLE1.7.0.0
2026-05-08 13:33:06,070 [WARN] PackLoader:240 - Cannot read IP mode file for STMicroelectronics.X-CUBE-NFC10.1.0.0
2026-05-08 13:33:06,082 [WARN] PackLoader:240 - Cannot read IP mode file for STMicroelectronics.X-CUBE-BLEMGR.4.0.0
2026-05-08 13:33:06,089 [ERROR] Engine:466 - C:\Users\trung\.stm32cubemx\thirdparties\pdsc\STMicroelectronics.X-CUBE-ST60.1.1.0.pdsc: PDSC version is not supported
2026-05-08 13:33:06,094 [WARN] PackLoader:240 - Cannot read IP mode file for emotas.I-CUBE-CANOPEN.1.3.0
2026-05-08 13:33:06,102 [WARN] PackLoader:240 - Cannot read IP mode file for STMicroelectronics.X-CUBE-GNSS1.7.1.0
2026-05-08 13:33:06,112 [WARN] PackLoader:240 - Cannot read IP mode file for STMicroelectronics.X-CUBE-BLEMGR.3.1.0
2026-05-08 13:33:06,120 [WARN] PackLoader:240 - Cannot read IP mode file for STMicroelectronics.X-CUBE-AI.10.0.0
2026-05-08 13:33:06,124 [ERROR] Engine:466 - C:\Users\trung\.stm32cubemx\thirdparties\pdsc\STMicroelectronics.FP-SNS-STBOX1.2.1.0.pdsc: PDSC version is not supported
2026-05-08 13:33:06,129 [WARN] PackLoader:240 - Cannot read IP mode file for STMicroelectronics.FP-SNS-SMARTAG2.1.2.0
2026-05-08 13:33:06,133 [ERROR] Engine:466 - C:\Users\trung\.stm32cubemx\thirdparties\pdsc\STMicroelectronics.FP-SNS-FLIGHT1.5.1.0.pdsc: PDSC version is not supported
2026-05-08 13:33:06,177 [WARN] PackLoader:240 - Cannot read IP mode file for STMicroelectronics.X-CUBE-MEMS1.11.1.0
2026-05-08 13:33:06,457 [INFO] LogOutputStream:77 - [STDOUT_REDIRECT] 1 : Invalid condition id : UX_CORESTACK_Condition cause : null
2026-05-08 13:33:06,457 [INFO] LogOutputStream:77 - [STDOUT_REDIRECT] 1 : Invalid condition id : UX_CORESTACK_Condition cause : null
2026-05-08 13:33:06,460 [INFO] LogOutputStream:77 - [STDOUT_REDIRECT] 1 : Invalid condition id : UX_CORESTACK_Condition cause : null
2026-05-08 13:33:06,462 [INFO] LogOutputStream:77 - [STDOUT_REDIRECT] 1 : Invalid condition id : UX_CORESTACK_Condition cause : null
2026-05-08 13:33:06,464 [INFO] LogOutputStream:77 - [STDOUT_REDIRECT] 1 : Invalid condition id : UX_CORESTACK_Condition cause : null
2026-05-08 13:33:06,470 [WARN] PackLoader:240 - Cannot read IP mode file for STMicroelectronics.X-CUBE-AZRTOS-WL.2.0.0
2026-05-08 13:33:06,480 [WARN] PackLoader:240 - Cannot read IP mode file for STMicroelectronics.FP-SNS-MOTENV1.5.0.0
2026-05-08 13:33:06,508 [WARN] PackLoader:240 - Cannot read IP mode file for STMicroelectronics.X-CUBE-AZRTOS-H7RS.1.2.0
2026-05-08 13:33:06,519 [WARN] PackLoader:240 - Cannot read IP mode file for wolfSSL.I-CUBE-wolfMQTT.1.19.0
2026-05-08 13:33:06,530 [WARN] PackLoader:240 - Cannot read IP mode file for WES.I-CUBE-Cesium.1.3.0
2026-05-08 13:33:06,536 [WARN] PackLoader:240 - Cannot read IP mode file for STMicroelectronics.X-CUBE-BLE2.3.3.0
2026-05-08 13:33:06,541 [ERROR] Engine:466 - C:\Users\trung\.stm32cubemx\thirdparties\pdsc\Avnet-IOTCONNECT.X-CUBE-iotc-st67-sdk.1.0.0.pdsc: PDSC version is not supported
2026-05-08 13:33:06,549 [WARN] PackLoader:240 - Cannot read IP mode file for STMicroelectronics.X-CUBE-NFC9.1.0.0
2026-05-08 13:33:06,556 [WARN] PackLoader:240 - Cannot read IP mode file for STMicroelectronics.X-CUBE-BLE1.7.1.0
2026-05-08 13:33:06,566 [WARN] PackLoader:240 - Cannot read IP mode file for STMicroelectronics.X-CUBE-TCPP.4.1.0
2026-05-08 13:33:06,576 [ERROR] Engine:466 - C:\Users\trung\.stm32cubemx\thirdparties\pdsc\STMicroelectronics.X-CUBE-FREERTOS.1.4.0.pdsc: PDSC version is not supported
2026-05-08 13:33:06,584 [WARN] PackLoader:240 - Cannot read IP mode file for STMicroelectronics.X-CUBE-EEPRMA1.5.2.0
2026-05-08 13:33:06,592 [WARN] PackLoader:240 - Cannot read IP mode file for STMicroelectronics.X-CUBE-AI.10.1.0
2026-05-08 13:33:06,604 [ERROR] Engine:466 - C:\Users\trung\.stm32cubemx\thirdparties\pdsc\STMicroelectronics.FP-SNS-STAIOTCFT.1.1.0.pdsc: PDSC version is not supported
2026-05-08 13:33:06,670 [WARN] PackLoader:240 - Cannot read IP mode file for STMicroelectronics.X-CUBE-MEMS1.12.0.0
2026-05-08 13:33:06,871 [WARN] PackLoader:240 - Cannot read IP mode file for STMicroelectronics.X-CUBE-AZRTOS-G0.1.1.0
2026-05-08 13:33:06,882 [WARN] PackLoader:240 - Cannot read IP mode file for STMicroelectronics.X-CUBE-SAFEA1.1.2.2
2026-05-08 13:33:06,891 [WARN] PackLoader:240 - Cannot read IP mode file for STMicroelectronics.X-CUBE-NFC4.3.0.0
2026-05-08 13:33:06,907 [WARN] PackLoader:240 - Cannot read IP mode file for EmbeddedOffice.I-CUBE-FS-RTOS.1.0.1
2026-05-08 13:33:06,907 [ERROR] ConditionMgr:805 - Attr not supported : Dmpu
2026-05-08 13:33:06,908 [ERROR] ConditionMgr:805 - Attr not supported : Dmpu
2026-05-08 13:33:06,908 [ERROR] ConditionMgr:805 - Attr not supported : Dmpu
2026-05-08 13:33:06,908 [ERROR] ConditionMgr:805 - Attr not supported : Dmpu
2026-05-08 13:33:06,908 [ERROR] ConditionMgr:805 - Attr not supported : Dmpu
2026-05-08 13:33:06,908 [ERROR] ConditionMgr:805 - Attr not supported : Dmpu
2026-05-08 13:33:06,908 [ERROR] ConditionMgr:805 - Attr not supported : Dmpu
2026-05-08 13:33:06,908 [ERROR] ConditionMgr:805 - Attr not supported : Dmpu
2026-05-08 13:33:06,908 [ERROR] ConditionMgr:805 - Attr not supported : Dmpu
2026-05-08 13:33:06,908 [ERROR] ConditionMgr:805 - Attr not supported : Dmpu
2026-05-08 13:33:06,908 [ERROR] ConditionMgr:805 - Attr not supported : Dmpu
2026-05-08 13:33:06,908 [ERROR] ConditionMgr:805 - Attr not supported : Dmpu
2026-05-08 13:33:06,908 [ERROR] ConditionMgr:805 - Attr not supported : Dmpu
2026-05-08 13:33:06,908 [ERROR] ConditionMgr:805 - Attr not supported : Dmpu
2026-05-08 13:33:06,908 [ERROR] ConditionMgr:805 - Attr not supported : Dmpu
2026-05-08 13:33:06,909 [ERROR] ConditionMgr:805 - Attr not supported : Dmpu
2026-05-08 13:33:06,909 [ERROR] ConditionMgr:805 - Attr not supported : Dmpu
2026-05-08 13:33:06,909 [ERROR] ConditionMgr:805 - Attr not supported : Dmpu
2026-05-08 13:33:06,909 [ERROR] ConditionMgr:805 - Attr not supported : Dmpu
2026-05-08 13:33:06,910 [ERROR] ConditionMgr:805 - Attr not supported : Dmpu
2026-05-08 13:33:06,910 [ERROR] ConditionMgr:805 - Attr not supported : Dmpu
2026-05-08 13:33:06,910 [ERROR] ConditionMgr:805 - Attr not supported : Dmpu
2026-05-08 13:33:06,910 [ERROR] ConditionMgr:805 - Attr not supported : Dmpu
2026-05-08 13:33:06,910 [ERROR] ConditionMgr:805 - Attr not supported : Dmpu
2026-05-08 13:33:06,910 [ERROR] ConditionMgr:805 - Attr not supported : Dmpu
2026-05-08 13:33:06,910 [ERROR] ConditionMgr:805 - Attr not supported : Dmpu
2026-05-08 13:33:06,910 [ERROR] ConditionMgr:805 - Attr not supported : Dmpu
2026-05-08 13:33:06,910 [ERROR] ConditionMgr:805 - Attr not supported : Dmpu
2026-05-08 13:33:06,910 [ERROR] ConditionMgr:805 - Attr not supported : Dmpu
2026-05-08 13:33:06,910 [ERROR] ConditionMgr:805 - Attr not supported : Dmpu
2026-05-08 13:33:06,910 [ERROR] ConditionMgr:805 - Attr not supported : Dmpu
2026-05-08 13:33:06,910 [ERROR] ConditionMgr:805 - Attr not supported : Dmpu
2026-05-08 13:33:06,910 [ERROR] ConditionMgr:805 - Attr not supported : Dmpu
2026-05-08 13:33:06,910 [ERROR] ConditionMgr:805 - Attr not supported : Dmpu
2026-05-08 13:33:06,910 [ERROR] ConditionMgr:805 - Attr not supported : Dmpu
2026-05-08 13:33:06,910 [ERROR] ConditionMgr:805 - Attr not supported : Dmpu
2026-05-08 13:33:06,911 [ERROR] ConditionMgr:805 - Attr not supported : Dmpu
2026-05-08 13:33:06,911 [ERROR] ConditionMgr:805 - Attr not supported : Dmpu
2026-05-08 13:33:06,911 [ERROR] ConditionMgr:805 - Attr not supported : Dmpu
2026-05-08 13:33:06,911 [ERROR] ConditionMgr:805 - Attr not supported : Dmpu
2026-05-08 13:33:06,911 [ERROR] ConditionMgr:805 - Attr not supported : Dmpu
2026-05-08 13:33:06,912 [ERROR] ConditionMgr:805 - Attr not supported : Dmpu
2026-05-08 13:33:06,914 [ERROR] ConditionMgr:805 - Attr not supported : Dmpu
2026-05-08 13:33:06,914 [ERROR] ConditionMgr:805 - Attr not supported : Dmpu
2026-05-08 13:33:06,914 [ERROR] ConditionMgr:805 - Attr not supported : Dmpu
2026-05-08 13:33:06,914 [ERROR] ConditionMgr:805 - Attr not supported : Dmpu
2026-05-08 13:33:06,914 [ERROR] ConditionMgr:805 - Attr not supported : Dmpu
2026-05-08 13:33:06,914 [ERROR] ConditionMgr:805 - Attr not supported : Dmpu
2026-05-08 13:33:06,914 [ERROR] ConditionMgr:805 - Attr not supported : Dmpu
2026-05-08 13:33:06,914 [ERROR] ConditionMgr:805 - Attr not supported : Dmpu
2026-05-08 13:33:06,914 [ERROR] ConditionMgr:805 - Attr not supported : Dmpu
2026-05-08 13:33:06,914 [ERROR] ConditionMgr:805 - Attr not supported : Dmpu
2026-05-08 13:33:06,914 [ERROR] ConditionMgr:805 - Attr not supported : Dmpu
2026-05-08 13:33:06,914 [ERROR] ConditionMgr:805 - Attr not supported : Dmpu
2026-05-08 13:33:06,914 [ERROR] ConditionMgr:805 - Attr not supported : Dmpu
2026-05-08 13:33:06,915 [ERROR] ConditionMgr:805 - Attr not supported : Dmpu
2026-05-08 13:33:06,915 [ERROR] ConditionMgr:805 - Attr not supported : Dmpu
2026-05-08 13:33:06,915 [ERROR] ConditionMgr:805 - Attr not supported : Dmpu
2026-05-08 13:33:06,915 [ERROR] ConditionMgr:805 - Attr not supported : Dmpu
2026-05-08 13:33:06,915 [ERROR] ConditionMgr:805 - Attr not supported : Dmpu
2026-05-08 13:33:06,915 [ERROR] ConditionMgr:805 - Attr not supported : Dmpu
2026-05-08 13:33:06,915 [ERROR] ConditionMgr:805 - Attr not supported : Dmpu
2026-05-08 13:33:06,915 [ERROR] ConditionMgr:805 - Attr not supported : Dmpu
2026-05-08 13:33:06,915 [ERROR] ConditionMgr:805 - Attr not supported : Dmpu
2026-05-08 13:33:06,922 [WARN] PackLoader:240 - Cannot read IP mode file for STMicroelectronics.X-CUBE-WB05N.2.0.0
2026-05-08 13:33:06,930 [ERROR] Engine:466 - C:\Users\trung\.stm32cubemx\thirdparties\pdsc\STMicroelectronics.X-CUBE-TCPP.4.2.0.pdsc: PDSC version is not supported
2026-05-08 13:33:06,937 [WARN] PackLoader:240 - Cannot read IP mode file for RealThread.X-CUBE-RT-Thread_Nano.4.1.1
2026-05-08 13:33:06,946 [WARN] PackLoader:240 - Cannot read IP mode file for STMicroelectronics.FP-ATR-SIGFOX1.3.2.0
2026-05-08 13:33:06,952 [WARN] PackLoader:240 - Cannot read IP mode file for wolfSSL.I-CUBE-wolfSSL.5.7.2
2026-05-08 13:33:06,959 [WARN] ConditionMgr:438 - getConditionDescription Invalid condition id : Cortex-A Device cause : null
2026-05-08 13:33:06,980 [WARN] ConditionMgr:1039 - genDependencies : Invalid condition id : Cortex-A Device cause : null
2026-05-08 13:33:06,980 [WARN] ConditionMgr:1039 - genDependencies : Invalid condition id : Cortex-A Device cause : null
2026-05-08 13:33:06,980 [WARN] ConditionMgr:1039 - genDependencies : Invalid condition id : Cortex-A Device cause : null
2026-05-08 13:33:06,987 [WARN] PackLoader:240 - Cannot read IP mode file for STMicroelectronics.X-CUBE-EEPRMA1.5.1.0
2026-05-08 13:33:06,993 [ERROR] Engine:466 - C:\Users\trung\.stm32cubemx\thirdparties\pdsc\STMicroelectronics.X-CUBE-FREERTOS.1.5.0.pdsc: PDSC version is not supported
2026-05-08 13:33:07,000 [WARN] PackLoader:240 - Cannot read IP mode file for ITTIA_DB.I-CUBE-ITTIADB.8.9.0
2026-05-08 13:33:07,011 [WARN] PackLoader:240 - Cannot read IP mode file for STMicroelectronics.X-CUBE-NFC6.3.2.0
2026-05-08 13:33:07,016 [ERROR] Engine:466 - C:\Users\trung\.stm32cubemx\thirdparties\pdsc\STMicroelectronics.X-CUBE-ST67W61.1.0.0.pdsc: PDSC version is not supported
2026-05-08 13:33:07,021 [WARN] PackLoader:240 - Cannot read IP mode file for STMicroelectronics.X-CUBE-AI.10.2.0
2026-05-08 13:33:07,084 [WARN] PackLoader:240 - Cannot read IP mode file for STMicroelectronics.X-CUBE-MEMS1.12.1.0
2026-05-08 13:33:07,198 [WARN] PackLoader:240 - Cannot read IP mode file for SEGGER.I-CUBE-embOS.1.3.1
2026-05-08 13:33:07,241 [WARN] PackLoader:240 - Cannot read IP mode file for STMicroelectronics.X-CUBE-ALGOBUILD.1.4.0
2026-05-08 13:33:07,338 [WARN] PackLoader:240 - Cannot read IP mode file for STMicroelectronics.X-CUBE-MEMS1.11.3.0
2026-05-08 13:33:07,481 [WARN] PackLoader:240 - Cannot read IP mode file for STMicroelectronics.X-CUBE-AI.9.1.0
2026-05-08 13:33:07,487 [WARN] PackLoader:240 - Cannot read IP mode file for STMicroelectronics.X-CUBE-PM33A1.1.0.0
2026-05-08 13:33:07,513 [WARN] PackLoader:240 - Cannot read IP mode file for STMicroelectronics.X-CUBE-AZRTOS-F4.1.1.0
2026-05-08 13:33:07,519 [ERROR] Engine:466 - C:\Users\trung\.stm32cubemx\thirdparties\pdsc\Avnet-IotConnect.X-CUBE-IoTC-DA16k-PMOD.1.0.0.pdsc: PDSC version is not supported
2026-05-08 13:33:07,533 [WARN] PackLoader:240 - Cannot read IP mode file for STMicroelectronics.X-CUBE-ISPU.2.1.0
2026-05-08 13:33:07,546 [ERROR] Engine:466 - C:\Users\trung\.stm32cubemx\thirdparties\pdsc\STMicroelectronics.X-CUBE-IPS.3.2.0.pdsc: PDSC version is not supported
2026-05-08 13:33:07,553 [ERROR] Engine:466 - C:\Users\trung\.stm32cubemx\thirdparties\pdsc\STMicroelectronics.eDS-WB_DPC_TT-BIDIR.2.1.1.pdsc: PDSC version is not supported
2026-05-08 13:33:07,562 [WARN] PackLoader:240 - Cannot read IP mode file for STMicroelectronics.X-CUBE-FREERTOS.1.2.0
2026-05-08 13:33:07,574 [WARN] PackLoader:240 - Cannot read IP mode file for STMicroelectronics.X-CUBE-NFC12.1.0.0
2026-05-08 13:33:07,609 [WARN] PackLoader:240 - Cannot read IP mode file for STMicroelectronics.X-CUBE-AZRTOS-L5.2.0.0
2026-05-08 13:33:07,623 [WARN] PackLoader:240 - Cannot read IP mode file for STMicroelectronics.X-CUBE-NFC6.3.1.0
2026-05-08 13:33:07,641 [WARN] PackLoader:240 - Cannot read IP mode file for STMicroelectronics.X-CUBE-DPower.1.2.0
2026-05-08 13:33:07,644 [ERROR] Engine:466 - C:\Users\trung\.stm32cubemx\thirdparties\pdsc\STMicroelectronics.eDS-WB_DPC_VIENNA.1.2.0.pdsc: PDSC version is not supported
2026-05-08 13:33:07,649 [ERROR] Engine:466 - C:\Users\trung\.stm32cubemx\thirdparties\pdsc\STMicroelectronics.eDS-WB_DPC_3PH2L-BIDIR.1.1.1.pdsc: PDSC version is not supported
2026-05-08 13:33:07,652 [ERROR] Engine:466 - C:\Users\trung\.stm32cubemx\thirdparties\pdsc\STMicroelectronics.X-CUBE-ST67W61.1.3.0.pdsc: PDSC version is not supported
2026-05-08 13:33:07,658 [WARN] PackLoader:240 - Cannot read IP mode file for STMicroelectronics.X-CUBE-FREERTOS.1.3.1
2026-05-08 13:33:07,665 [WARN] PackLoader:240 - Cannot read IP mode file for STMicroelectronics.X-CUBE-FREERTOS.1.3.0
2026-05-08 13:33:07,677 [WARN] PackLoader:240 - Cannot read IP mode file for STMicroelectronics.X-CUBE-NFC7.1.0.1
2026-05-08 13:33:07,685 [WARN] PackLoader:240 - Cannot read IP mode file for STMicroelectronics.X-CUBE-TOUCHGFX.4.26.0
2026-05-08 13:33:07,690 [WARN] PackLoader:240 - Cannot read IP mode file for STMicroelectronics.X-CUBE-TOUCHGFX.4.26.1
2026-05-08 13:33:07,693 [ERROR] Engine:466 - C:\Users\trung\.stm32cubemx\thirdparties\pdsc\STMicroelectronics.FP-SNS-STAIOTCFT.1.0.0.pdsc: PDSC version is not supported
2026-05-08 13:33:07,711 [WARN] ConditionMgr:438 - getConditionDescription Invalid condition id : LAN8742 Phy interface Condition cause : null
2026-05-08 13:33:07,712 [WARN] PackLoader:240 - Cannot read IP mode file for STMicroelectronics.X-CUBE-AZRTOS-L4.2.0.0
2026-05-08 13:33:07,713 [WARN] ConditionMgr:1039 - genDependencies : Invalid condition id : LAN8742 Phy interface Condition cause : null
2026-05-08 13:33:07,713 [WARN] ConditionMgr:1039 - genDependencies : Invalid condition id : LAN8742 Phy interface Condition cause : null
2026-05-08 13:33:07,714 [WARN] ConditionMgr:1039 - genDependencies : Invalid condition id : LAN8742 Phy interface Condition cause : null
2026-05-08 13:33:07,722 [WARN] PackLoader:240 - Cannot read IP mode file for STMicroelectronics.X-CUBE-SFXS2LP1.4.0.0
2026-05-08 13:33:07,729 [WARN] PackLoader:240 - Cannot read IP mode file for STMicroelectronics.X-CUBE-WB05N.2.1.0
2026-05-08 13:33:07,734 [ERROR] Engine:466 - C:\Users\trung\.stm32cubemx\thirdparties\pdsc\STMicroelectronics.X-CUBE-ST67W61.1.2.0.pdsc: PDSC version is not supported
2026-05-08 13:33:07,751 [WARN] PackLoader:240 - Cannot read IP mode file for STMicroelectronics.X-CUBE-AZRTOS-H7.3.3.0
2026-05-08 13:33:07,756 [ERROR] Engine:466 - C:\Users\trung\.stm32cubemx\thirdparties\pdsc\STMicroelectronics.X-CUBE-BLEMGR.4.1.0.pdsc: PDSC version is not supported
2026-05-08 13:33:07,766 [WARN] PackLoader:240 - Cannot read IP mode file for STMicroelectronics.X-CUBE-IPS.3.0.0
2026-05-08 13:33:07,781 [WARN] ConditionMgr:438 - getConditionDescription Invalid condition id : UX DEVICE CLASS RTOS Condition cause : null
2026-05-08 13:33:07,781 [WARN] ConditionMgr:438 - getConditionDescription Invalid condition id : UX DEVICE CLASS RTOS Condition cause : null
2026-05-08 13:33:07,782 [WARN] PackLoader:240 - Cannot read IP mode file for STMicroelectronics.X-CUBE-AZRTOS-WB.2.0.0
2026-05-08 13:33:07,782 [WARN] ConditionMgr:1039 - genDependencies : Invalid condition id : UX DEVICE CLASS RTOS Condition cause : null
2026-05-08 13:33:07,782 [WARN] ConditionMgr:1039 - genDependencies : Invalid condition id : UX DEVICE CLASS RTOS Condition cause : null
2026-05-08 13:33:07,782 [WARN] ConditionMgr:1039 - genDependencies : Invalid condition id : UX DEVICE CLASS RTOS Condition cause : null
2026-05-08 13:33:07,784 [WARN] ConditionMgr:1039 - genDependencies : Invalid condition id : UX DEVICE CLASS RTOS Condition cause : null
2026-05-08 13:33:07,784 [WARN] ConditionMgr:1039 - genDependencies : Invalid condition id : UX DEVICE CLASS RTOS Condition cause : null
2026-05-08 13:33:07,790 [WARN] PackLoader:240 - Cannot read IP mode file for STMicroelectronics.X-CUBE-GNSS1.7.0.0
2026-05-08 13:33:07,795 [WARN] PackLoader:240 - Cannot read IP mode file for STMicroelectronics.X-CUBE-GNSS1.7.0.1
2026-05-08 13:33:07,801 [WARN] PackLoader:240 - Cannot read IP mode file for STMicroelectronics.X-CUBE-TOUCHGFX.4.25.0
2026-05-08 13:33:07,809 [WARN] PackLoader:240 - Cannot read IP mode file for STMicroelectronics.FP-SNS-STBOX1.2.0.0
2026-05-08 13:33:07,819 [WARN] PackLoader:240 - Cannot read IP mode file for STMicroelectronics.X-CUBE-STSE01.2.0.0
2026-05-08 13:33:07,830 [WARN] PackLoader:240 - Cannot read IP mode file for STMicroelectronics.X-CUBE-SUBG2.5.0.0
2026-05-08 13:33:07,851 [WARN] PackLoader:240 - Cannot read IP mode file for STMicroelectronics.X-CUBE-AZRTOS-H7RS.1.1.0
2026-05-08 13:33:07,859 [WARN] PackLoader:240 - Cannot read IP mode file for Cesanta.I-CUBE-Mongoose.7.13.0
2026-05-08 13:33:07,872 [WARN] PackLoader:240 - Cannot read IP mode file for STMicroelectronics.X-CUBE-AZRTOS-G4.2.0.0
2026-05-08 13:33:07,885 [WARN] PackLoader:240 - Cannot read IP mode file for STMicroelectronics.X-CUBE-NFC7.2.0.0
2026-05-08 13:33:07,893 [ERROR] Engine:466 - C:\Users\trung\.stm32cubemx\thirdparties\pdsc\STMicroelectronics.X-CUBE-IPS.3.1.0.pdsc: PDSC version is not supported
2026-05-08 13:33:07,899 [WARN] PackLoader:240 - Cannot read IP mode file for STMicroelectronics.X-CUBE-ALS.1.0.2
2026-05-08 13:33:07,905 [WARN] PackLoader:240 - Cannot read IP mode file for STMicroelectronics.X-CUBE-TOUCHGFX.4.24.2
2026-05-08 13:33:07,909 [WARN] PackLoader:240 - Cannot read IP mode file for STMicroelectronics.X-CUBE-TOUCHGFX.4.24.1
2026-05-08 13:33:07,916 [WARN] PackLoader:240 - Cannot read IP mode file for STMicroelectronics.X-CUBE-STSE01.1.0.0
2026-05-08 13:33:07,924 [WARN] PackLoader:240 - Cannot read IP mode file for wolfSSL.I-CUBE-wolfTPM.3.4.0
2026-05-08 13:33:07,939 [WARN] PackLoader:240 - Cannot read IP mode file for portGmbH.I-Cube-SoM-uGOAL.1.1.0
2026-05-08 13:33:07,957 [WARN] PackLoader:240 - Cannot read IP mode file for STMicroelectronics.X-CUBE-AZRTOS-H7RS.1.0.0
2026-05-08 13:33:07,966 [WARN] PackLoader:240 - Cannot read IP mode file for STMicroelectronics.FP-ATR-ASTRA1.2.0.0
2026-05-08 13:33:07,977 [WARN] PackLoader:240 - Cannot read IP mode file for STMicroelectronics.X-CUBE-TOF1.3.4.2
2026-05-08 13:33:07,992 [ERROR] Engine:466 - C:\Users\trung\.stm32cubemx\thirdparties\pdsc\STMicroelectronics.X-CUBE-TOF1.3.4.3.pdsc: PDSC version is not supported
2026-05-08 13:33:08,010 [WARN] PackLoader:240 - Cannot read IP mode file for Infineon.AIROC-Wi-Fi-Bluetooth-STM32.1.6.1
2026-05-08 13:33:08,019 [WARN] PackLoader:240 - Cannot read IP mode file for wolfSSL.I-CUBE-wolfSSH.1.4.17
2026-05-08 13:33:08,020 [INFO] ThirdParty:978 - Integrity check success = true
2026-05-08 13:33:08,021 [INFO] IntegrityCheckThread:100 - exiting critical section [integrity check]
2026-05-08 13:33:08,021 [INFO] IntegrityCheckThread:103 - End integrity checks thread
2026-05-08 13:37:02,857 [INFO] McuFinderGlobals:63 - Set McuFinder mode to 2 (CubeIDE integrated)
2026-05-08 13:37:02,883 [INFO] MainUpdater:2873 - connection check result : 10
2026-05-08 13:37:02,906 [INFO] McuFinderGlobals:76 - Set McuFinderConnectedMode to true
2026-05-08 13:37:03,155 [INFO] ServerAccessManage:473 - Download File mcusAds.json._tmp_
2026-05-08 13:37:03,271 [INFO] LoadUrlFilesThread:156 - End of LoadUrlFiles Thread
2026-05-08 13:37:03,559 [INFO] ServerAccessManage:473 - Download File cube-finder-db.zip
2026-05-08 13:37:23,055 [INFO] FileExtend:240 - Unzip File : cube-finder-db.zip
2026-05-08 13:37:23,055 [INFO] FileExtend:255 - Standard Zip Deflate
2026-05-08 13:37:23,993 [INFO] LoadUrlFilesThread:156 - End of LoadUrlFiles Thread
2026-05-08 13:37:25,304 [INFO] ServerAccessManage:473 - Download File crdb.zip
2026-05-08 13:37:27,663 [INFO] FileExtend:240 - Unzip File : crdb.zip
2026-05-08 13:37:27,664 [INFO] FileExtend:255 - Standard Zip Deflate
2026-05-08 13:37:27,789 [INFO] LoadUrlFilesThread:156 - End of LoadUrlFiles Thread
2026-05-08 13:37:28,185 [INFO] ServerAccessManage:473 - Download File tutoVideoDB.zip
2026-05-08 13:37:28,298 [INFO] FileExtend:240 - Unzip File : tutoVideoDB.zip
2026-05-08 13:37:28,299 [INFO] FileExtend:255 - Standard Zip Deflate
2026-05-08 13:37:28,416 [INFO] LoadUrlFilesThread:156 - End of LoadUrlFiles Thread
2026-05-08 13:37:28,417 [WARN] DbFile:41 - Overriding database path with different value: C:\Users\trung\.stmcufinder\plugins\mcufinder/ => C:\Users\trung\.stmcufinder\plugins\mcufinder
2026-05-08 13:37:28,775 [ERROR] ServerAccessManage:1089 - Problem, file not found on Server
2026-05-08 13:37:28,775 [ERROR] ServerAccessManage:651 - Problem, file not found on Server : api_config.json.
2026-05-08 13:37:33,078 [INFO] LoadUrlFilesThread:156 - End of LoadUrlFiles Thread
2026-05-08 13:37:33,842 [INFO] DbMcusAds:53 - JSON generation date=Mon Apr 27 15:14:29 ICT 2026 (1777277669577)
2026-05-08 13:37:33,860 [ERROR] TargetSelectorAdapter:267 - Unable to refresh data
2026-05-08 13:37:34,391 [INFO] ApiDb:581 - Connected to CubeFinder SQLite database (C:\Users\trung\.stmcufinder\plugins\mcufinder\mcu\cube-finder-db.db)
2026-05-08 13:37:34,446 [INFO] ApiDb:668 - CubeFinder database Data Model version=2.1
2026-05-08 13:37:34,446 [INFO] ApiDb:669 - CubeFinder database Configuration version=3.0.42
2026-05-08 13:37:34,446 [INFO] ApiDb:670 - CubeFinder database generation date=2026-03-11 (1773229989)
2026-05-08 13:37:34,446 [INFO] ApiDb:671 - CubeFinder database FW Pack versions=[FP-ATR-ASTRA1_V2.0.0, FP-SNS-FLIGHT1_V5.1.0, FP-SNS-MOTENV1_V5.1.0, FP-SNS-MOTENVWB1_V1.5.0, FP-SNS-SMARTAG2_V1.2.0, FP-SNS-STBOX1_V2.1.0, STM32Cube_FW_C0_V1.4.0, STM32Cube_FW_F4_V1.28.3, STM32Cube_FW_F7_V1.17.4, STM32Cube_FW_G0_V1.6.3, STM32Cube_FW_G4_V1.6.2, STM32Cube_FW_H5_V1.6.0, STM32Cube_FW_H7RS_V1.3.0, STM32Cube_FW_H7_V1.13.0, STM32Cube_FW_L0_V1.12.2, STM32Cube_FW_L4_V1.18.2, STM32Cube_FW_L5_V1.6.0, STM32Cube_FW_N6_V1.3.0, STM32Cube_FW_U0_V1.3.0, STM32Cube_FW_U3_V1.3.0, STM32Cube_FW_U5_V1.8.0, STM32Cube_FW_WB0_V1.4.0, STM32Cube_FW_WBA_V1.9.0, STM32Cube_FW_WB_V1.24.0, STM32Cube_FW_WL3_V1.4.0, STM32Cube_FW_WL_V1.5.0, X-CUBE-ALGOBUILD_V1.4.0, X-CUBE-ALS_V1.0.2, X-CUBE-AZRTOS-F4_V1.1.0, X-CUBE-AZRTOS-F7_V1.1.0, X-CUBE-AZRTOS-G0_V1.1.0, X-CUBE-AZRTOS-G4_V2.0.0, X-CUBE-AZRTOS-H7RS_V1.1.0, X-CUBE-AZRTOS-H7_V3.4.0, X-CUBE-AZRTOS-L4_V2.0.0, X-CUBE-AZRTOS-L5_V2.0.0, X-CUBE-AZRTOS-WB_V2.0.0, X-CUBE-AZRTOS-WL_V2.0.0, X-CUBE-BLE1_V7.1.0, X-CUBE-BLE2_V3.3.0, X-CUBE-BLEMGR_V4.1.0, X-CUBE-EEPRMA1_V5.2.0, X-CUBE-FREERTOS_V1.5.0, X-CUBE-GNSS1_V6.0.0, X-CUBE-MEMS1_V12.0.0, X-CUBE-NFC4_V3.0.0, X-CUBE-NFC7_V2.0.0, X-CUBE-SFXS2LP1_V4.0.0, X-CUBE-ST67W61_V1.2.0, X-CUBE-SUBG2_V5.0.0, X-CUBE-TOF1_V3.4.3]
2026-05-08 13:37:34,494 [INFO] DbBoardsSqlite:226 - include board P-NUCLEO-WB55-NUCLEO as a kit item of type 'Nucleo-64'
2026-05-08 13:37:34,494 [INFO] DbBoardsSqlite:226 - include board P-NUCLEO-WB55-USBDONGLE as a kit item of type 'Nucleo USB Dongle'
2026-05-08 13:37:34,494 [INFO] DbBoardsSqlite:226 - include board STEVAL-IDP005V1 as a kit item of type 'Evaluation Board'
2026-05-08 13:37:34,495 [INFO] DbBoardsSqlite:226 - include board STEVAL-IDP005V2 as a kit item of type 'Evaluation Board'
2026-05-08 13:37:34,554 [INFO] ApiDb:240 - Found 646 in-development CPN: [B-G473E-ZEST1S, B-WB1M-WPAN1, B-WL5M-SUBG1, NUCLEO-C031C6, NUCLEO-C071RB, NUCLEO-H503RB, NUCLEO-H533RE, NUCLEO-H563ZI, NUCLEO-H7S3L8, NUCLEO-U031R8, NUCLEO-U083RC, NUCLEO-U545RE-Q, NUCLEO-U5A5ZJ-Q, NUCLEO-WB05KZ, NUCLEO-WB07CC, NUCLEO-WB09KE, NUCLEO-WBA52CG, NUCLEO-WBA55CG, STEVAL-PROTEUS1, STEVAL-SMARTAG2, STEVAL-STWINBX1, STM320518-EVAL, STM32C0116-DK, STM32C011D6Y3TR, STM32C011D6Y6TR, STM32C011F4P3, STM32C011F4P6, STM32C011F4U3, STM32C011F4U6TR, STM32C011F6P3, STM32C011F6P6, STM32C011F6U3, STM32C011F6U6TR, STM32C011J4M3, STM32C011J4M6, STM32C011J6M3, STM32C011J6M6, STM32C0316-DK, STM32C031C4T3, STM32C031C4T6, STM32C031C4U3, STM32C031C4U6, STM32C031C6T3, STM32C031C6T6, STM32C031C6U3, STM32C031C6U6, STM32C031F4P3, STM32C031F4P6, STM32C031F6P3, STM32C031F6P6, STM32C031G4U3, STM32C031G4U6, STM32C031G6U3, STM32C031G6U6, STM32C031K4T3, STM32C031K4T6, STM32C031K4U3, STM32C031K4U6, STM32C031K6T3, STM32C031K6T6, STM32C031K6U3, STM32C031K6U6, STM32C071C8T6, STM32C071C8T6N, STM32C071C8U6, STM32C071C8U6N, STM32C071CBT6, STM32C071CBT6N, STM32C071CBU6, STM32C071CBU6N, STM32C071F8P6, STM32C071F8P6N, STM32C071FBP6, STM32C071FBP6N, STM32C071FBY6TR, STM32C071G8U6, STM32C071G8U6N, STM32C071GBU6, STM32C071GBU6N, STM32C071K8T6, STM32C071K8T6N, STM32C071K8U6, STM32C071K8U6N, STM32C071KBT6, STM32C071KBT6N, STM32C071KBU6, STM32C071KBU6N, STM32C071R8T6, STM32C071R8T6N, STM32C071RBI6N, STM32C071RBT6, STM32C071RBT6N, STM32G071K8TXN, STM32G071K8UXN, STM32G081GBU6N, STM32G081KBT6N, STM32G081KBUXN, STM32G0B1CCT6N, STM32G0B1KCT6, STM32G0B1NEY6TR, STM32G0B1RCT6N, STM32G0C1CCT6, STM32G0C1CCT6N, STM32G0C1CCU6N, STM32G0C1CET6N, STM32G0C1CEU6N, STM32G0C1KCT6, STM32G0C1NEY6TR, STM32G0C1RCI6N, STM32G0C1RCT6N, STM32G0C1REI6N, STM32G0C1RET6N, STM32G0C1VCI6, STM32G0C1VEI6, STM32G411C6T3, STM32G411C6T6, STM32G411C6U3, STM32G411C6U6, STM32G411C8T3, STM32G411C8T6, STM32G411C8U3, STM32G411C8U6, STM32G411CBT3, STM32G411CBT6, STM32G411CBU3, STM32G411CBU6, STM32G411K6T3, STM32G411K6T6, STM32G411K6U3, STM32G411K6U6, STM32G411K8T3, STM32G411K8T6, STM32G411K8U3, STM32G411K8U6, STM32G411KBT3, STM32G411KBT6, STM32G411KBU3, STM32G411KBU6, STM32G411M6T3, STM32G411M6T6, STM32G411M8T3, STM32G411M8T6, STM32G411MBT3, STM32G411MBT6, STM32G411R6T3, STM32G411R6T6, STM32G411R8T3, STM32G411R8T6, STM32G411RBT3, STM32G411RBT6, STM32G414CBT3, STM32G414CBT6, STM32G414CBU3, STM32G414CBU6, STM32G414CCT3, STM32G414CCT6, STM32G414CCU3, STM32G414CCU6, STM32G414MBT3, STM32G414MBT6, STM32G414MCT3, STM32G414MCT6, STM32G414RBT3, STM32G414RBT6, STM32G414RCT3, STM32G414RCT6, STM32G414VBT3, STM32G414VBT6, STM32G414VCT3, STM32G414VCT6, STM32G431CBT3Z, STM32G431RBT3Z, STM32G471CCT6, STM32G471CCU6, STM32G471CET3, STM32G471CET6, STM32G471CEU3, STM32G471CEU6, STM32G471MCT6, STM32G471MET3, STM32G471MET6, STM32G471MEY6TR, STM32G471QCT6, STM32G471QET3, STM32G471RCT6, STM32G471RET3, STM32G471RET6, STM32G471VCH6, STM32G471VCI6, STM32G471VCT6, STM32G471VEH3, STM32G471VEH6, STM32G471VEI3, STM32G471VEI6, STM32G471VET3, STM32G471VET6, STM32G473QET3Z, STM32G473RET3Z, STM32G474CCT6, STM32G491RET3Z, STM32H503CBT6, STM32H503CBU6, STM32H503EBY6TR, STM32H503KBU6, STM32H503RBT6, STM32H523CCT6, STM32H523CCU6, STM32H523CET6, STM32H523CEU6, STM32H523HEY6TR, STM32H523RCT6, STM32H523RET6, STM32H523VCI6, STM32H523VCT6, STM32H523VEI6, STM32H523VET6, STM32H523ZCJ6, STM32H523ZCT6, STM32H523ZEJ6, STM32H523ZET6, STM32H533CET6, STM32H533CEU6, STM32H533HEY6TR, STM32H533RET6, STM32H533VEI6, STM32H533VET6, STM32H533ZEJ6, STM32H533ZET6, STM32H562AGI6, STM32H562AII6, STM32H562IGK6, STM32H562IGT6, STM32H562IIK6, STM32H562IIT6, STM32H562RGT6, STM32H562RGV6, STM32H562RIT6, STM32H562RIV6, STM32H562VGT6, STM32H562VIT6, STM32H562ZGT6, STM32H562ZIT6, STM32H563AGI6, STM32H563AII3Q, STM32H563AII6, STM32H563IGK6, STM32H563IGT6, STM32H563IIK3Q, STM32H563IIK6, STM32H563IIT3Q, STM32H563IIT6, STM32H563MIY3QTR, STM32H563RGT6, STM32H563RGV6, STM32H563RIT6, STM32H563RIV6, STM32H563VGT6, STM32H563VIT3Q, STM32H563VIT6, STM32H563ZGT6, STM32H563ZIT3Q, STM32H563ZIT6, STM32H573AII3Q, STM32H573AII6, STM32H573I-DK, STM32H573IIK3Q, STM32H573IIK6, STM32H573IIT3Q, STM32H573IIT6, STM32H573MIY3QTR, STM32H573RIT6, STM32H573RIV6, STM32H573VIT3Q, STM32H573VIT6, STM32H573ZIT3Q, STM32H573ZIT6, STM32H7R3A8I6, STM32H7R3I8K6, STM32H7R3I8T6, STM32H7R3L8H6, STM32H7R3L8H6H, STM32H7R3R8V6, STM32H7R3V8H6, STM32H7R3V8T6, STM32H7R3V8Y6TR, STM32H7R3Z8J6, STM32H7R3Z8T6, STM32H7R7A8I6, STM32H7R7I8K6, STM32H7R7I8T6, STM32H7R7L8H6, STM32H7R7L8H6H, STM32H7R7Z8J6, STM32H7S3A8I6, STM32H7S3I8K6, STM32H7S3I8T6, STM32H7S3L8H6, STM32H7S3L8H6H, STM32H7S3R8V6, STM32H7S3V8H6, STM32H7S3V8T6, STM32H7S3V8Y6TR, STM32H7S3Z8J6, STM32H7S3Z8T6, STM32H7S78-DK, STM32H7S7A8I6, STM32H7S7I8K6, STM32H7S7I8T6, STM32H7S7L8H6, STM32H7S7L8H6H, STM32H7S7Z8J6, STM32L4R5QGI6STR, STM32MP131AAE3, STM32MP131AAF3, STM32MP131AAG3, STM32MP131CAE3, STM32MP131CAF3, STM32MP131CAG3, STM32MP131DAE7, STM32MP131DAF7, STM32MP131DAG7, STM32MP131FAE7, STM32MP131FAF7, STM32MP131FAG7, STM32MP133AAE3, STM32MP133AAF3, STM32MP133AAG3, STM32MP133CAE3, STM32MP133CAF3, STM32MP133CAG3, STM32MP133DAE7, STM32MP133DAF7, STM32MP133DAG7, STM32MP133FAE7, STM32MP133FAF7, STM32MP133FAG7, STM32MP135AAE3, STM32MP135AAF3, STM32MP135AAG3, STM32MP135CAE3, STM32MP135CAF3, STM32MP135CAG3, STM32MP135DAE7, STM32MP135DAF7, STM32MP135DAG7, STM32MP135F-DK, STM32MP135FAE7, STM32MP135FAF7, STM32MP135FAF7T, STM32MP135FAF7U, STM32MP135FAG7, STM32MP251AAI3, STM32MP251AAK3, STM32MP251AAL3, STM32MP251CAI3, STM32MP251CAK3, STM32MP251CAL3, STM32MP251DAI3, STM32MP251DAK3, STM32MP251DAL3, STM32MP251FAI3, STM32MP251FAK3, STM32MP251FAL3, STM32MP253AAI3, STM32MP253AAK3, STM32MP253AAL3, STM32MP253CAI3, STM32MP253CAK3, STM32MP253CAL3, STM32MP253DAI3, STM32MP253DAK3, STM32MP253DAL3, STM32MP253FAI3, STM32MP253FAK3, STM32MP253FAL3, STM32MP255AAI3, STM32MP255AAK3, STM32MP255AAL3, STM32MP255CAI3, STM32MP255CAK3, STM32MP255CAL3, STM32MP255DAI3, STM32MP255DAK3, STM32MP255DAL3, STM32MP255FAI3, STM32MP255FAK3, STM32MP255FAL3, STM32MP257AAI3, STM32MP257AAK3, STM32MP257AAL3, STM32MP257CAI3, STM32MP257CAK3, STM32MP257CAL3, STM32MP257DAI3, STM32MP257DAK3, STM32MP257DAL3, STM32MP257F-DK, STM32MP257F-EV1, STM32MP257FAI3, STM32MP257FAK3, STM32MP257FAL3, STM32U031C6T6, STM32U031C6U6, STM32U031C8T6, STM32U031C8U6, STM32U031F4P6, STM32U031F6P6, STM32U031F8P6, STM32U031G6Y6TR, STM32U031G8Y6TR, STM32U031K4U6, STM32U031K6U6, STM32U031K8U6, STM32U031R6I6, STM32U031R6T6, STM32U031R8I6, STM32U031R8T6, STM32U073C8T6, STM32U073C8U6, STM32U073CBT6, STM32U073CBU6, STM32U073CCT6, STM32U073CCU6, STM32U073H8Y6TR, STM32U073HBY6TR, STM32U073HCY6TR, STM32U073K8U6, STM32U073KBU6, STM32U073KCU6, STM32U073M8I6, STM32U073M8T6, STM32U073MBI6, STM32U073MBT6, STM32U073MCI6, STM32U073MCT6, STM32U073R8I6, STM32U073R8T6, STM32U073RBI6, STM32U073RBT6, STM32U073RCI6, STM32U073RCT6, STM32U083C-DK, STM32U083CCT6, STM32U083CCU6, STM32U083HCY6TR, STM32U083KCU6, STM32U083MCI6, STM32U083MCT6, STM32U083RCI6, STM32U083RCT6, STM32U535CBT6, STM32U535CBT6Q, STM32U535CBU6, STM32U535CBU6Q, STM32U535CCT6, STM32U535CCT6Q, STM32U535CCU6, STM32U535CCU6Q, STM32U535CET6, STM32U535CET6Q, STM32U535CEU6, STM32U535CEU6Q, STM32U535JEY6QTR, STM32U535NCY6QTR, STM32U535NEY6QTR, STM32U535RBI6, STM32U535RBI6Q, STM32U535RBT6, STM32U535RBT6Q, STM32U535RCI6, STM32U535RCI6Q, STM32U535RCT6, STM32U535RCT6Q, STM32U535REI6, STM32U535REI6Q, STM32U535RET6, STM32U535RET6Q, STM32U535VCI6, STM32U535VCI6Q, STM32U535VCT6, STM32U535VCT6Q, STM32U535VEI6, STM32U535VEI6Q, STM32U535VET6, STM32U535VET6Q, STM32U545CET6, STM32U545CET6Q, STM32U545CEU6, STM32U545CEU6Q, STM32U545JEY6QTR, STM32U545NEY6QTR, STM32U545REI6, STM32U545REI6Q, STM32U545RET6, STM32U545RET6Q, STM32U545VEI6, STM32U545VEI6Q, STM32U545VET6, STM32U545VET6Q, STM32U595AIH6, STM32U595AIH6Q, STM32U595AJH6, STM32U595AJH6Q, STM32U595QII6, STM32U595QII6Q, STM32U595QJI6, STM32U595QJI6Q, STM32U595RIT6, STM32U595RIT6Q, STM32U595RJT6, STM32U595RJT6Q, STM32U595VIT6, STM32U595VIT6Q, STM32U595VJT6, STM32U595VJT6Q, STM32U595ZIT6, STM32U595ZIT6Q, STM32U595ZIY6QTR, STM32U595ZJT6, STM32U595ZJT6Q, STM32U595ZJY6QTR, STM32U599BJY6QTR, STM32U599NIH6Q, STM32U599NJH6Q, STM32U599VIT6Q, STM32U599VJT6, STM32U599VJT6Q, STM32U599ZIT6Q, STM32U599ZIY6QTR, STM32U599ZJT6Q, STM32U599ZJY6QTR, STM32U5A5AJH6, STM32U5A5AJH6Q, STM32U5A5QII3Q , STM32U5A5QJI6, STM32U5A5QJI6Q, STM32U5A5RJT6, STM32U5A5RJT6Q, STM32U5A5VJT6, STM32U5A5VJT6Q, STM32U5A5ZJT6, STM32U5A5ZJT6Q, STM32U5A5ZJY6QTR, STM32U5A9BJY6QTR, STM32U5A9J-DK, STM32U5A9NJH6Q, STM32U5A9VJT6Q, STM32U5A9ZJT6Q, STM32U5A9ZJY6QTR, STM32U5F7VIT6, STM32U5F7VIT6Q, STM32U5F7VJT6, STM32U5F7VJT6Q, STM32U5F9BJY6QTR, STM32U5F9NJH6Q, STM32U5F9VIT6Q, STM32U5F9VJT6Q, STM32U5F9ZIJ6QTR, STM32U5F9ZIT6Q, STM32U5F9ZJJ6QTR, STM32U5F9ZJT6Q, STM32U5G7VJT6, STM32U5G7VJT6Q, STM32U5G9BJY6QTR, STM32U5G9J-DK1, STM32U5G9J-DK2, STM32U5G9NJH6Q, STM32U5G9VJT6Q, STM32U5G9ZJJ6QTR, STM32U5G9ZJT6Q, STM32WB05KZV6TR, STM32WB05KZV7TR, STM32WB05TZF6TR, STM32WB05TZF7TR, STM32WB06CCF6TR, STM32WB06CCF7TR, STM32WB06CCV6TR, STM32WB06CCV7TR, STM32WB06KCV6TR, STM32WB06KCV7TR, STM32WB07CCF6TR, STM32WB07CCF7TR, STM32WB07CCV6TR, STM32WB07CCV7TR, STM32WB07KCV6TR, STM32WB07KCV7TR, STM32WB09KEV6TR, STM32WB09KEV7TR, STM32WB09TEF6TR, STM32WB09TEF7TR, STM32WB1MMCH6, STM32WBA50KGU6, STM32WBA50KGU6TR, STM32WBA52CEU6, STM32WBA52CEU6TR, STM32WBA52CEU7, STM32WBA52CEU7TR, STM32WBA52CGU6, STM32WBA52CGU6TR, STM32WBA52CGU6U, STM32WBA52CGU7, STM32WBA52CGU7TR, STM32WBA52KEU6, STM32WBA52KEU6TR, STM32WBA52KGU6, STM32WBA52KGU6TR, STM32WBA54CEU6, STM32WBA54CEU6TR, STM32WBA54CEU7, STM32WBA54CEU7TR, STM32WBA54CGU6, STM32WBA54CGU6TR, STM32WBA54CGU7, STM32WBA54CGU7TR, STM32WBA54KEU6, STM32WBA54KEU6TR, STM32WBA54KEU7, STM32WBA54KEU7TR, STM32WBA54KGU6, STM32WBA54KGU6TR, STM32WBA54KGU7, STM32WBA54KGU7TR, STM32WBA55CEU6, STM32WBA55CEU6TR, STM32WBA55CEU7, STM32WBA55CEU7TR, STM32WBA55CGU6, STM32WBA55CGU6TR, STM32WBA55CGU6U, STM32WBA55CGU7, STM32WBA55CGU7TR, STM32WBA55G-DK1, STM32WBA55HEF6, STM32WBA55HEF7, STM32WBA55HGF6, STM32WBA55HGF7, STM32WBA55UEI6, STM32WBA55UEI6TR, STM32WBA55UEI7, STM32WBA55UEI7TR, STM32WBA55UGI6, STM32WBA55UGI6TR, STM32WBA55UGI7, STM32WBA55UGI7TR, STM32WL5MOCH6, STM32WL5MOCH6TR]
2026-05-08 13:37:34,557 [INFO] ApiDb:668 - CubeFinder database Data Model version=2.1
2026-05-08 13:37:34,557 [INFO] ApiDb:669 - CubeFinder database Configuration version=3.0.42
2026-05-08 13:37:34,557 [INFO] ApiDb:670 - CubeFinder database generation date=2026-03-11 (1773229989)
2026-05-08 13:37:34,557 [INFO] ApiDb:671 - CubeFinder database FW Pack versions=[FP-ATR-ASTRA1_V2.0.0, FP-SNS-FLIGHT1_V5.1.0, FP-SNS-MOTENV1_V5.1.0, FP-SNS-MOTENVWB1_V1.5.0, FP-SNS-SMARTAG2_V1.2.0, FP-SNS-STBOX1_V2.1.0, STM32Cube_FW_C0_V1.4.0, STM32Cube_FW_F4_V1.28.3, STM32Cube_FW_F7_V1.17.4, STM32Cube_FW_G0_V1.6.3, STM32Cube_FW_G4_V1.6.2, STM32Cube_FW_H5_V1.6.0, STM32Cube_FW_H7RS_V1.3.0, STM32Cube_FW_H7_V1.13.0, STM32Cube_FW_L0_V1.12.2, STM32Cube_FW_L4_V1.18.2, STM32Cube_FW_L5_V1.6.0, STM32Cube_FW_N6_V1.3.0, STM32Cube_FW_U0_V1.3.0, STM32Cube_FW_U3_V1.3.0, STM32Cube_FW_U5_V1.8.0, STM32Cube_FW_WB0_V1.4.0, STM32Cube_FW_WBA_V1.9.0, STM32Cube_FW_WB_V1.24.0, STM32Cube_FW_WL3_V1.4.0, STM32Cube_FW_WL_V1.5.0, X-CUBE-ALGOBUILD_V1.4.0, X-CUBE-ALS_V1.0.2, X-CUBE-AZRTOS-F4_V1.1.0, X-CUBE-AZRTOS-F7_V1.1.0, X-CUBE-AZRTOS-G0_V1.1.0, X-CUBE-AZRTOS-G4_V2.0.0, X-CUBE-AZRTOS-H7RS_V1.1.0, X-CUBE-AZRTOS-H7_V3.4.0, X-CUBE-AZRTOS-L4_V2.0.0, X-CUBE-AZRTOS-L5_V2.0.0, X-CUBE-AZRTOS-WB_V2.0.0, X-CUBE-AZRTOS-WL_V2.0.0, X-CUBE-BLE1_V7.1.0, X-CUBE-BLE2_V3.3.0, X-CUBE-BLEMGR_V4.1.0, X-CUBE-EEPRMA1_V5.2.0, X-CUBE-FREERTOS_V1.5.0, X-CUBE-GNSS1_V6.0.0, X-CUBE-MEMS1_V12.0.0, X-CUBE-NFC4_V3.0.0, X-CUBE-NFC7_V2.0.0, X-CUBE-SFXS2LP1_V4.0.0, X-CUBE-ST67W61_V1.2.0, X-CUBE-SUBG2_V5.0.0, X-CUBE-TOF1_V3.4.3]
2026-05-08 13:37:36,428 [INFO] ApiDb:240 - Found 646 in-development CPN: [B-G473E-ZEST1S, B-WB1M-WPAN1, B-WL5M-SUBG1, NUCLEO-C031C6, NUCLEO-C071RB, NUCLEO-H503RB, NUCLEO-H533RE, NUCLEO-H563ZI, NUCLEO-H7S3L8, NUCLEO-U031R8, NUCLEO-U083RC, NUCLEO-U545RE-Q, NUCLEO-U5A5ZJ-Q, NUCLEO-WB05KZ, NUCLEO-WB07CC, NUCLEO-WB09KE, NUCLEO-WBA52CG, NUCLEO-WBA55CG, STEVAL-PROTEUS1, STEVAL-SMARTAG2, STEVAL-STWINBX1, STM320518-EVAL, STM32C0116-DK, STM32C011D6Y3TR, STM32C011D6Y6TR, STM32C011F4P3, STM32C011F4P6, STM32C011F4U3, STM32C011F4U6TR, STM32C011F6P3, STM32C011F6P6, STM32C011F6U3, STM32C011F6U6TR, STM32C011J4M3, STM32C011J4M6, STM32C011J6M3, STM32C011J6M6, STM32C0316-DK, STM32C031C4T3, STM32C031C4T6, STM32C031C4U3, STM32C031C4U6, STM32C031C6T3, STM32C031C6T6, STM32C031C6U3, STM32C031C6U6, STM32C031F4P3, STM32C031F4P6, STM32C031F6P3, STM32C031F6P6, STM32C031G4U3, STM32C031G4U6, STM32C031G6U3, STM32C031G6U6, STM32C031K4T3, STM32C031K4T6, STM32C031K4U3, STM32C031K4U6, STM32C031K6T3, STM32C031K6T6, STM32C031K6U3, STM32C031K6U6, STM32C071C8T6, STM32C071C8T6N, STM32C071C8U6, STM32C071C8U6N, STM32C071CBT6, STM32C071CBT6N, STM32C071CBU6, STM32C071CBU6N, STM32C071F8P6, STM32C071F8P6N, STM32C071FBP6, STM32C071FBP6N, STM32C071FBY6TR, STM32C071G8U6, STM32C071G8U6N, STM32C071GBU6, STM32C071GBU6N, STM32C071K8T6, STM32C071K8T6N, STM32C071K8U6, STM32C071K8U6N, STM32C071KBT6, STM32C071KBT6N, STM32C071KBU6, STM32C071KBU6N, STM32C071R8T6, STM32C071R8T6N, STM32C071RBI6N, STM32C071RBT6, STM32C071RBT6N, STM32G071K8TXN, STM32G071K8UXN, STM32G081GBU6N, STM32G081KBT6N, STM32G081KBUXN, STM32G0B1CCT6N, STM32G0B1KCT6, STM32G0B1NEY6TR, STM32G0B1RCT6N, STM32G0C1CCT6, STM32G0C1CCT6N, STM32G0C1CCU6N, STM32G0C1CET6N, STM32G0C1CEU6N, STM32G0C1KCT6, STM32G0C1NEY6TR, STM32G0C1RCI6N, STM32G0C1RCT6N, STM32G0C1REI6N, STM32G0C1RET6N, STM32G0C1VCI6, STM32G0C1VEI6, STM32G411C6T3, STM32G411C6T6, STM32G411C6U3, STM32G411C6U6, STM32G411C8T3, STM32G411C8T6, STM32G411C8U3, STM32G411C8U6, STM32G411CBT3, STM32G411CBT6, STM32G411CBU3, STM32G411CBU6, STM32G411K6T3, STM32G411K6T6, STM32G411K6U3, STM32G411K6U6, STM32G411K8T3, STM32G411K8T6, STM32G411K8U3, STM32G411K8U6, STM32G411KBT3, STM32G411KBT6, STM32G411KBU3, STM32G411KBU6, STM32G411M6T3, STM32G411M6T6, STM32G411M8T3, STM32G411M8T6, STM32G411MBT3, STM32G411MBT6, STM32G411R6T3, STM32G411R6T6, STM32G411R8T3, STM32G411R8T6, STM32G411RBT3, STM32G411RBT6, STM32G414CBT3, STM32G414CBT6, STM32G414CBU3, STM32G414CBU6, STM32G414CCT3, STM32G414CCT6, STM32G414CCU3, STM32G414CCU6, STM32G414MBT3, STM32G414MBT6, STM32G414MCT3, STM32G414MCT6, STM32G414RBT3, STM32G414RBT6, STM32G414RCT3, STM32G414RCT6, STM32G414VBT3, STM32G414VBT6, STM32G414VCT3, STM32G414VCT6, STM32G431CBT3Z, STM32G431RBT3Z, STM32G471CCT6, STM32G471CCU6, STM32G471CET3, STM32G471CET6, STM32G471CEU3, STM32G471CEU6, STM32G471MCT6, STM32G471MET3, STM32G471MET6, STM32G471MEY6TR, STM32G471QCT6, STM32G471QET3, STM32G471RCT6, STM32G471RET3, STM32G471RET6, STM32G471VCH6, STM32G471VCI6, STM32G471VCT6, STM32G471VEH3, STM32G471VEH6, STM32G471VEI3, STM32G471VEI6, STM32G471VET3, STM32G471VET6, STM32G473QET3Z, STM32G473RET3Z, STM32G474CCT6, STM32G491RET3Z, STM32H503CBT6, STM32H503CBU6, STM32H503EBY6TR, STM32H503KBU6, STM32H503RBT6, STM32H523CCT6, STM32H523CCU6, STM32H523CET6, STM32H523CEU6, STM32H523HEY6TR, STM32H523RCT6, STM32H523RET6, STM32H523VCI6, STM32H523VCT6, STM32H523VEI6, STM32H523VET6, STM32H523ZCJ6, STM32H523ZCT6, STM32H523ZEJ6, STM32H523ZET6, STM32H533CET6, STM32H533CEU6, STM32H533HEY6TR, STM32H533RET6, STM32H533VEI6, STM32H533VET6, STM32H533ZEJ6, STM32H533ZET6, STM32H562AGI6, STM32H562AII6, STM32H562IGK6, STM32H562IGT6, STM32H562IIK6, STM32H562IIT6, STM32H562RGT6, STM32H562RGV6, STM32H562RIT6, STM32H562RIV6, STM32H562VGT6, STM32H562VIT6, STM32H562ZGT6, STM32H562ZIT6, STM32H563AGI6, STM32H563AII3Q, STM32H563AII6, STM32H563IGK6, STM32H563IGT6, STM32H563IIK3Q, STM32H563IIK6, STM32H563IIT3Q, STM32H563IIT6, STM32H563MIY3QTR, STM32H563RGT6, STM32H563RGV6, STM32H563RIT6, STM32H563RIV6, STM32H563VGT6, STM32H563VIT3Q, STM32H563VIT6, STM32H563ZGT6, STM32H563ZIT3Q, STM32H563ZIT6, STM32H573AII3Q, STM32H573AII6, STM32H573I-DK, STM32H573IIK3Q, STM32H573IIK6, STM32H573IIT3Q, STM32H573IIT6, STM32H573MIY3QTR, STM32H573RIT6, STM32H573RIV6, STM32H573VIT3Q, STM32H573VIT6, STM32H573ZIT3Q, STM32H573ZIT6, STM32H7R3A8I6, STM32H7R3I8K6, STM32H7R3I8T6, STM32H7R3L8H6, STM32H7R3L8H6H, STM32H7R3R8V6, STM32H7R3V8H6, STM32H7R3V8T6, STM32H7R3V8Y6TR, STM32H7R3Z8J6, STM32H7R3Z8T6, STM32H7R7A8I6, STM32H7R7I8K6, STM32H7R7I8T6, STM32H7R7L8H6, STM32H7R7L8H6H, STM32H7R7Z8J6, STM32H7S3A8I6, STM32H7S3I8K6, STM32H7S3I8T6, STM32H7S3L8H6, STM32H7S3L8H6H, STM32H7S3R8V6, STM32H7S3V8H6, STM32H7S3V8T6, STM32H7S3V8Y6TR, STM32H7S3Z8J6, STM32H7S3Z8T6, STM32H7S78-DK, STM32H7S7A8I6, STM32H7S7I8K6, STM32H7S7I8T6, STM32H7S7L8H6, STM32H7S7L8H6H, STM32H7S7Z8J6, STM32L4R5QGI6STR, STM32MP131AAE3, STM32MP131AAF3, STM32MP131AAG3, STM32MP131CAE3, STM32MP131CAF3, STM32MP131CAG3, STM32MP131DAE7, STM32MP131DAF7, STM32MP131DAG7, STM32MP131FAE7, STM32MP131FAF7, STM32MP131FAG7, STM32MP133AAE3, STM32MP133AAF3, STM32MP133AAG3, STM32MP133CAE3, STM32MP133CAF3, STM32MP133CAG3, STM32MP133DAE7, STM32MP133DAF7, STM32MP133DAG7, STM32MP133FAE7, STM32MP133FAF7, STM32MP133FAG7, STM32MP135AAE3, STM32MP135AAF3, STM32MP135AAG3, STM32MP135CAE3, STM32MP135CAF3, STM32MP135CAG3, STM32MP135DAE7, STM32MP135DAF7, STM32MP135DAG7, STM32MP135F-DK, STM32MP135FAE7, STM32MP135FAF7, STM32MP135FAF7T, STM32MP135FAF7U, STM32MP135FAG7, STM32MP251AAI3, STM32MP251AAK3, STM32MP251AAL3, STM32MP251CAI3, STM32MP251CAK3, STM32MP251CAL3, STM32MP251DAI3, STM32MP251DAK3, STM32MP251DAL3, STM32MP251FAI3, STM32MP251FAK3, STM32MP251FAL3, STM32MP253AAI3, STM32MP253AAK3, STM32MP253AAL3, STM32MP253CAI3, STM32MP253CAK3, STM32MP253CAL3, STM32MP253DAI3, STM32MP253DAK3, STM32MP253DAL3, STM32MP253FAI3, STM32MP253FAK3, STM32MP253FAL3, STM32MP255AAI3, STM32MP255AAK3, STM32MP255AAL3, STM32MP255CAI3, STM32MP255CAK3, STM32MP255CAL3, STM32MP255DAI3, STM32MP255DAK3, STM32MP255DAL3, STM32MP255FAI3, STM32MP255FAK3, STM32MP255FAL3, STM32MP257AAI3, STM32MP257AAK3, STM32MP257AAL3, STM32MP257CAI3, STM32MP257CAK3, STM32MP257CAL3, STM32MP257DAI3, STM32MP257DAK3, STM32MP257DAL3, STM32MP257F-DK, STM32MP257F-EV1, STM32MP257FAI3, STM32MP257FAK3, STM32MP257FAL3, STM32U031C6T6, STM32U031C6U6, STM32U031C8T6, STM32U031C8U6, STM32U031F4P6, STM32U031F6P6, STM32U031F8P6, STM32U031G6Y6TR, STM32U031G8Y6TR, STM32U031K4U6, STM32U031K6U6, STM32U031K8U6, STM32U031R6I6, STM32U031R6T6, STM32U031R8I6, STM32U031R8T6, STM32U073C8T6, STM32U073C8U6, STM32U073CBT6, STM32U073CBU6, STM32U073CCT6, STM32U073CCU6, STM32U073H8Y6TR, STM32U073HBY6TR, STM32U073HCY6TR, STM32U073K8U6, STM32U073KBU6, STM32U073KCU6, STM32U073M8I6, STM32U073M8T6, STM32U073MBI6, STM32U073MBT6, STM32U073MCI6, STM32U073MCT6, STM32U073R8I6, STM32U073R8T6, STM32U073RBI6, STM32U073RBT6, STM32U073RCI6, STM32U073RCT6, STM32U083C-DK, STM32U083CCT6, STM32U083CCU6, STM32U083HCY6TR, STM32U083KCU6, STM32U083MCI6, STM32U083MCT6, STM32U083RCI6, STM32U083RCT6, STM32U535CBT6, STM32U535CBT6Q, STM32U535CBU6, STM32U535CBU6Q, STM32U535CCT6, STM32U535CCT6Q, STM32U535CCU6, STM32U535CCU6Q, STM32U535CET6, STM32U535CET6Q, STM32U535CEU6, STM32U535CEU6Q, STM32U535JEY6QTR, STM32U535NCY6QTR, STM32U535NEY6QTR, STM32U535RBI6, STM32U535RBI6Q, STM32U535RBT6, STM32U535RBT6Q, STM32U535RCI6, STM32U535RCI6Q, STM32U535RCT6, STM32U535RCT6Q, STM32U535REI6, STM32U535REI6Q, STM32U535RET6, STM32U535RET6Q, STM32U535VCI6, STM32U535VCI6Q, STM32U535VCT6, STM32U535VCT6Q, STM32U535VEI6, STM32U535VEI6Q, STM32U535VET6, STM32U535VET6Q, STM32U545CET6, STM32U545CET6Q, STM32U545CEU6, STM32U545CEU6Q, STM32U545JEY6QTR, STM32U545NEY6QTR, STM32U545REI6, STM32U545REI6Q, STM32U545RET6, STM32U545RET6Q, STM32U545VEI6, STM32U545VEI6Q, STM32U545VET6, STM32U545VET6Q, STM32U595AIH6, STM32U595AIH6Q, STM32U595AJH6, STM32U595AJH6Q, STM32U595QII6, STM32U595QII6Q, STM32U595QJI6, STM32U595QJI6Q, STM32U595RIT6, STM32U595RIT6Q, STM32U595RJT6, STM32U595RJT6Q, STM32U595VIT6, STM32U595VIT6Q, STM32U595VJT6, STM32U595VJT6Q, STM32U595ZIT6, STM32U595ZIT6Q, STM32U595ZIY6QTR, STM32U595ZJT6, STM32U595ZJT6Q, STM32U595ZJY6QTR, STM32U599BJY6QTR, STM32U599NIH6Q, STM32U599NJH6Q, STM32U599VIT6Q, STM32U599VJT6, STM32U599VJT6Q, STM32U599ZIT6Q, STM32U599ZIY6QTR, STM32U599ZJT6Q, STM32U599ZJY6QTR, STM32U5A5AJH6, STM32U5A5AJH6Q, STM32U5A5QII3Q , STM32U5A5QJI6, STM32U5A5QJI6Q, STM32U5A5RJT6, STM32U5A5RJT6Q, STM32U5A5VJT6, STM32U5A5VJT6Q, STM32U5A5ZJT6, STM32U5A5ZJT6Q, STM32U5A5ZJY6QTR, STM32U5A9BJY6QTR, STM32U5A9J-DK, STM32U5A9NJH6Q, STM32U5A9VJT6Q, STM32U5A9ZJT6Q, STM32U5A9ZJY6QTR, STM32U5F7VIT6, STM32U5F7VIT6Q, STM32U5F7VJT6, STM32U5F7VJT6Q, STM32U5F9BJY6QTR, STM32U5F9NJH6Q, STM32U5F9VIT6Q, STM32U5F9VJT6Q, STM32U5F9ZIJ6QTR, STM32U5F9ZIT6Q, STM32U5F9ZJJ6QTR, STM32U5F9ZJT6Q, STM32U5G7VJT6, STM32U5G7VJT6Q, STM32U5G9BJY6QTR, STM32U5G9J-DK1, STM32U5G9J-DK2, STM32U5G9NJH6Q, STM32U5G9VJT6Q, STM32U5G9ZJJ6QTR, STM32U5G9ZJT6Q, STM32WB05KZV6TR, STM32WB05KZV7TR, STM32WB05TZF6TR, STM32WB05TZF7TR, STM32WB06CCF6TR, STM32WB06CCF7TR, STM32WB06CCV6TR, STM32WB06CCV7TR, STM32WB06KCV6TR, STM32WB06KCV7TR, STM32WB07CCF6TR, STM32WB07CCF7TR, STM32WB07CCV6TR, STM32WB07CCV7TR, STM32WB07KCV6TR, STM32WB07KCV7TR, STM32WB09KEV6TR, STM32WB09KEV7TR, STM32WB09TEF6TR, STM32WB09TEF7TR, STM32WB1MMCH6, STM32WBA50KGU6, STM32WBA50KGU6TR, STM32WBA52CEU6, STM32WBA52CEU6TR, STM32WBA52CEU7, STM32WBA52CEU7TR, STM32WBA52CGU6, STM32WBA52CGU6TR, STM32WBA52CGU6U, STM32WBA52CGU7, STM32WBA52CGU7TR, STM32WBA52KEU6, STM32WBA52KEU6TR, STM32WBA52KGU6, STM32WBA52KGU6TR, STM32WBA54CEU6, STM32WBA54CEU6TR, STM32WBA54CEU7, STM32WBA54CEU7TR, STM32WBA54CGU6, STM32WBA54CGU6TR, STM32WBA54CGU7, STM32WBA54CGU7TR, STM32WBA54KEU6, STM32WBA54KEU6TR, STM32WBA54KEU7, STM32WBA54KEU7TR, STM32WBA54KGU6, STM32WBA54KGU6TR, STM32WBA54KGU7, STM32WBA54KGU7TR, STM32WBA55CEU6, STM32WBA55CEU6TR, STM32WBA55CEU7, STM32WBA55CEU7TR, STM32WBA55CGU6, STM32WBA55CGU6TR, STM32WBA55CGU6U, STM32WBA55CGU7, STM32WBA55CGU7TR, STM32WBA55G-DK1, STM32WBA55HEF6, STM32WBA55HEF7, STM32WBA55HGF6, STM32WBA55HGF7, STM32WBA55UEI6, STM32WBA55UEI6TR, STM32WBA55UEI7, STM32WBA55UEI7TR, STM32WBA55UGI6, STM32WBA55UGI6TR, STM32WBA55UGI7, STM32WBA55UGI7TR, STM32WL5MOCH6, STM32WL5MOCH6TR]
2026-05-08 13:37:36,435 [INFO] DbMcus:218 - Found 5045 MCUs, 4958 are supported
2026-05-08 13:37:36,436 [INFO] ApiDb:423 - Load user favorites file C:\Users\trung/.stm32cubeide/favorites.mcus.txt: 0 item(s)
2026-05-08 13:37:36,436 [INFO] ApiDb:427 - User favorites MCUs=[]
2026-05-08 13:37:36,436 [INFO] DbMcus:224 - Set 0 / 0 favorites MCUs
2026-05-08 13:37:37,213 [INFO] BoardInfo:889 - No configuration file found for board B-WBA5M-WPAN
2026-05-08 13:37:37,216 [INFO] DbBoards:161 - Board is not supported: B-WBA5M-WPAN
2026-05-08 13:37:37,220 [INFO] BoardInfo:889 - No configuration file found for board NUCLEO-C051C8
2026-05-08 13:37:37,221 [INFO] DbBoards:161 - Board is not supported: NUCLEO-C051C8
2026-05-08 13:37:37,224 [INFO] BoardInfo:889 - No configuration file found for board NUCLEO-C092RC
2026-05-08 13:37:37,224 [INFO] DbBoards:161 - Board is not supported: NUCLEO-C092RC
2026-05-08 13:37:37,277 [INFO] BoardInfo:889 - No configuration file found for board NUCLEO-H5E5ZJ
2026-05-08 13:37:37,277 [INFO] DbBoards:161 - Board is not supported: NUCLEO-H5E5ZJ
2026-05-08 13:37:37,313 [INFO] BoardInfo:889 - No configuration file found for board NUCLEO-N657X0-Q
2026-05-08 13:37:37,313 [INFO] DbBoards:161 - Board is not supported: NUCLEO-N657X0-Q
2026-05-08 13:37:37,317 [INFO] BoardInfo:889 - No configuration file found for board NUCLEO-U385RG-Q
2026-05-08 13:37:37,317 [INFO] DbBoards:161 - Board is not supported: NUCLEO-U385RG-Q
2026-05-08 13:37:37,318 [INFO] BoardInfo:889 - No configuration file found for board NUCLEO-U3C5ZI-Q
2026-05-08 13:37:37,318 [INFO] DbBoards:161 - Board is not supported: NUCLEO-U3C5ZI-Q
2026-05-08 13:37:37,328 [INFO] BoardInfo:889 - No configuration file found for board NUCLEO-WBA25CE1
2026-05-08 13:37:37,329 [INFO] DbBoards:161 - Board is not supported: NUCLEO-WBA25CE1
2026-05-08 13:37:37,331 [INFO] BoardInfo:889 - No configuration file found for board NUCLEO-WBA65RI
2026-05-08 13:37:37,331 [INFO] DbBoards:161 - Board is not supported: NUCLEO-WBA65RI
2026-05-08 13:37:37,331 [INFO] BoardInfo:889 - No configuration file found for board NUCLEO-WL33CC1
2026-05-08 13:37:37,331 [INFO] DbBoards:161 - Board is not supported: NUCLEO-WL33CC1
2026-05-08 13:37:37,333 [INFO] BoardInfo:889 - No configuration file found for board NUCLEO-WL33CC2
2026-05-08 13:37:37,333 [INFO] DbBoards:161 - Board is not supported: NUCLEO-WL33CC2
2026-05-08 13:37:37,334 [INFO] BoardInfo:889 - No configuration file found for board NUCLEO-WL3RKB1
2026-05-08 13:37:37,334 [INFO] DbBoards:161 - Board is not supported: NUCLEO-WL3RKB1
2026-05-08 13:37:37,335 [INFO] BoardInfo:889 - No configuration file found for board NUCLEO-WL3RKB2
2026-05-08 13:37:37,336 [INFO] DbBoards:161 - Board is not supported: NUCLEO-WL3RKB2
2026-05-08 13:37:37,340 [INFO] BoardInfo:889 - No configuration file found for board P-NUCLEO-WB55
2026-05-08 13:37:37,341 [INFO] DbBoards:161 - Kit is not supported: P-NUCLEO-WB55
2026-05-08 13:37:37,346 [INFO] BoardInfo:889 - No configuration file found for board STEVAL-BFA001V1B
2026-05-08 13:37:37,346 [INFO] DbBoards:161 - Kit is not supported: STEVAL-BFA001V1B
2026-05-08 13:37:37,347 [INFO] BoardInfo:889 - No configuration file found for board STEVAL-BFA001V2B
2026-05-08 13:37:37,347 [INFO] DbBoards:161 - Kit is not supported: STEVAL-BFA001V2B
2026-05-08 13:37:37,418 [INFO] BoardInfo:889 - No configuration file found for board STM32H5F5J-DK
2026-05-08 13:37:37,418 [INFO] DbBoards:161 - Board is not supported: STM32H5F5J-DK
2026-05-08 13:37:37,455 [INFO] BoardInfo:889 - No configuration file found for board STM32MP215F-DK
2026-05-08 13:37:37,457 [INFO] DbBoards:161 - Board is not supported: STM32MP215F-DK
2026-05-08 13:37:37,459 [INFO] BoardInfo:889 - No configuration file found for board STM32N6570-DK
2026-05-08 13:37:37,459 [INFO] DbBoards:161 - Board is not supported: STM32N6570-DK
2026-05-08 13:37:37,467 [INFO] BoardInfo:889 - No configuration file found for board STM32WBA65I-DK1
2026-05-08 13:37:37,467 [INFO] DbBoards:161 - Board is not supported: STM32WBA65I-DK1
2026-05-08 13:37:37,468 [INFO] DbBoards:168 - Found 218 boards, 198 are supported
2026-05-08 13:37:37,468 [INFO] DbBoards:169 - Found 218 boards, 25 of them is supported for  Bsp
2026-05-08 13:37:37,475 [INFO] ApiDb:423 - Load user favorites file C:\Users\trung/.stm32cubeide/favorites.boards.txt: 0 item(s)
2026-05-08 13:37:37,475 [INFO] ApiDb:427 - User favorites Boards=[]
2026-05-08 13:37:37,475 [INFO] DbBoards:198 - Set 0 / 0 favorites Boards
2026-05-08 13:37:37,475 [INFO] McuFinderGlobals:76 - Set McuFinderConnectedMode to true
2026-05-08 13:37:37,486 [INFO] MultiScanPanel:200 - Auto-refresh data requested => check proxy status ongoing
2026-05-08 13:37:37,489 [INFO] FinderPluginLoader:95 - Searching for filters in installed packs
2026-05-08 13:37:38,908 [INFO] ServerAccessManage:473 - Download File 
2026-05-08 13:37:38,926 [INFO] LoadUrlFilesThread:185 - End of LoadServerUrlFiles without Thread
2026-05-08 13:37:38,942 [INFO] DetailPanel:341 - Set advertising image to C:/Users/trung/STM32Cube/Repository/\en.prom-stm32wba2-stm32-nucleo-board-0426.png
2026-05-08 13:38:14,442 [INFO] MultiScanPanel:200 - Auto-refresh data requested => check proxy status ongoing
2026-05-08 13:38:14,581 [INFO] LoadUrlFilesThread:185 - End of LoadServerUrlFiles without Thread
2026-05-08 13:38:14,581 [INFO] DetailPanel:341 - Set advertising image to C:/Users/trung/STM32Cube/Repository/\en.prom-stm32wba2-stm32-nucleo-board-0426.png
2026-05-08 13:38:14,593 [INFO] DbBoards:642 - Loading board mini-images...
2026-05-08 13:38:16,235 [INFO] DbBoards:665 - Loaded 218 board mini-images
2026-05-08 13:38:53,744 [INFO] MainUpdater:2873 - connection check result : 10
2026-05-08 13:38:53,744 [INFO] MainUpdater:2873 - connection check result : 10
2026-05-08 13:38:53,807 [INFO] RulesReader:64 - Compatibility file has been processed (297 Rules)
2026-05-08 13:38:53,818 [INFO] RulesReader:64 - Compatibility file has been processed (297 Rules)
2026-05-08 13:38:53,823 [INFO] MicroXplorer:468 - Change Database Path : 
2026-05-08 13:38:53,824 [INFO] MicroXplorer:498 - Change Database Version : DB.6.0.121
2026-05-08 13:38:53,832 [WARN] ThirdParty:871 - waiting for thirdparty lock release [close project]
2026-05-08 13:38:53,832 [INFO] ThirdParty:873 - entering critical section [close project]
2026-05-08 13:38:53,833 [INFO] ThirdParty:883 - exiting critical section [close project]
2026-05-08 13:38:53,836 [INFO] PinOutPanel:1561 - setPackage(No Configuration,No Configuration)
2026-05-08 13:38:53,839 [INFO] UtilMem:75 - Begin LoadConfig() Used Memory: 972355992 Bytes (1073741824)
2026-05-08 13:38:53,845 [INFO] OpenFileManager:332 - Change cursor
2026-05-08 13:38:53,881 [INFO] ProjectFactory:442 - No CPN specified for board NUCLEO-F401RE => set CPN to STM32F401RET6
2026-05-08 13:38:53,881 [INFO] Mcu:2032 - Initializing MCU STM32F401R(D-E)Tx STM32F401RETx STM32F401RET6
2026-05-08 13:38:55,296 [INFO] Context:742 - Trying to add GPIOservice into a context  which must be forbidden
2026-05-08 13:38:55,577 [INFO] Rule:228 - rule 117617 - U5Cobra4M][GTZC] default value MPCBB3 and MPCBB5 - Not Secured memory - MPCBB1 is applicable
2026-05-08 13:38:55,577 [INFO] Rule:228 - rule 117617 - U5Cobra4M][GTZC] default value MPCBB3 and MPCBB5 - Not Secured memory - MPCBB1 is applicable
2026-05-08 13:38:55,577 [INFO] Rule:228 - rule 117617 - U5Cobra4M][GTZC] default value MPCBB3 and MPCBB5 - Not Secured memory - MPCBB2 is applicable
2026-05-08 13:38:55,577 [INFO] Rule:228 - rule 117617 - U5Cobra4M][GTZC] default value MPCBB3 and MPCBB5 - Not Secured memory - MPCBB2 is applicable
2026-05-08 13:38:55,579 [INFO] Rule:228 - rule 117617 - U5Cobra4M][GTZC] default value MPCBB3 and MPCBB5 - Not Secured memory - MPCBB3 is applicable
2026-05-08 13:38:55,579 [INFO] Rule:228 - rule 117617 - U5Cobra4M][GTZC] default value MPCBB3 and MPCBB5 - Not Secured memory - MPCBB3 is applicable
2026-05-08 13:38:55,579 [INFO] Rule:228 - rule 117617 - U5Cobra4M][GTZC] default value MPCBB3 and MPCBB5 - Not Secured memory - MPCBB4 is applicable
2026-05-08 13:38:55,579 [INFO] Rule:228 - rule 117617 - U5Cobra4M][GTZC] default value MPCBB3 and MPCBB5 - Not Secured memory - MPCBB4 is applicable
2026-05-08 13:38:55,579 [INFO] Rule:228 - rule 117617 - U5Cobra4M][GTZC] default value MPCBB3 and MPCBB5 - Secured memory - MPCBB1 is applicable
2026-05-08 13:38:55,579 [INFO] Rule:228 - rule 117617 - U5Cobra4M][GTZC] default value MPCBB3 and MPCBB5 - Secured memory - MPCBB2 is applicable
2026-05-08 13:38:55,579 [INFO] Rule:228 - rule 117617 - U5Cobra4M][GTZC] default value MPCBB3 and MPCBB5 - Secured memory - MPCBB3 is applicable
2026-05-08 13:38:55,579 [INFO] Rule:228 - rule 117617 - U5Cobra4M][GTZC] default value MPCBB3 and MPCBB5 - Secured memory - MPCBB4 is applicable
2026-05-08 13:38:55,579 [INFO] Rule:228 - rule 117617 - U5Cobra4M][GTZC] default value MPCBB3 and MPCBB5 - Privileged memory - MPCBB1 is applicable
2026-05-08 13:38:55,579 [INFO] Rule:228 - rule 117617 - U5Cobra4M][GTZC] default value MPCBB3 and MPCBB5 - Privileged memory - MPCBB2 is applicable
2026-05-08 13:38:55,579 [INFO] Rule:228 - rule 117617 - U5Cobra4M][GTZC] default value MPCBB3 and MPCBB5 - Privileged memory - MPCBB3 is applicable
2026-05-08 13:38:55,579 [INFO] Rule:228 - rule 117617 - U5Cobra4M][GTZC] default value MPCBB3 and MPCBB5 - Privileged memory - MPCBB4 is applicable
2026-05-08 13:38:55,579 [INFO] Rule:228 - rule 117617 - U5Cobra4M][GTZC] default value MPCBB3 and MPCBB5 - Not Privileged memory - MPCBB1 is applicable
2026-05-08 13:38:55,579 [INFO] Rule:228 - rule 117617 - U5Cobra4M][GTZC] default value MPCBB3 and MPCBB5 - Not Privileged memory - MPCBB2 is applicable
2026-05-08 13:38:55,579 [INFO] Rule:228 - rule 117617 - U5Cobra4M][GTZC] default value MPCBB3 and MPCBB5 - Not Privileged memory - MPCBB3 is applicable
2026-05-08 13:38:55,579 [INFO] Rule:228 - rule 117617 - U5Cobra4M][GTZC] default value MPCBB3 and MPCBB5 - Not Privileged memory - MPCBB4 is applicable
2026-05-08 13:38:55,579 [INFO] Rule:228 - rule 117617 - U5Cobra4M][GTZC] default value MPCBB3 and MPCBB5 - Privileged memory - MPCBB1 is applicable
2026-05-08 13:38:55,579 [INFO] Rule:228 - rule 117617 - U5Cobra4M][GTZC] default value MPCBB3 and MPCBB5 - Privileged memory - MPCBB2 is applicable
2026-05-08 13:38:55,579 [INFO] Rule:228 - rule 117617 - U5Cobra4M][GTZC] default value MPCBB3 and MPCBB5 - Privileged memory - MPCBB3 is applicable
2026-05-08 13:38:55,579 [INFO] Rule:228 - rule 117617 - U5Cobra4M][GTZC] default value MPCBB3 and MPCBB5 - Privileged memory - MPCBB4 is applicable
2026-05-08 13:38:55,579 [INFO] Rule:228 - rule 117617 - U5Cobra4M][GTZC] default value MPCBB3 and MPCBB5 - Privileged memory - MPCBB1 is applicable
2026-05-08 13:38:55,579 [INFO] Rule:228 - rule 117617 - U5Cobra4M][GTZC] default value MPCBB3 and MPCBB5 - Privileged memory - MPCBB2 is applicable
2026-05-08 13:38:55,579 [INFO] Rule:228 - rule 117617 - U5Cobra4M][GTZC] default value MPCBB3 and MPCBB5 - Privileged memory - MPCBB3 is applicable
2026-05-08 13:38:55,579 [INFO] Rule:228 - rule 117617 - U5Cobra4M][GTZC] default value MPCBB3 and MPCBB5 - Privileged memory - MPCBB4 is applicable
2026-05-08 13:38:55,579 [INFO] Rule:228 - rule 117617 - U5Cobra4M][GTZC] default value MPCBB3 and MPCBB5 - Not Privileged memory - MPCBB1 is applicable
2026-05-08 13:38:55,579 [INFO] Rule:228 - rule 117617 - U5Cobra4M][GTZC] default value MPCBB3 and MPCBB5 - Not Privileged memory - MPCBB2 is applicable
2026-05-08 13:38:55,579 [INFO] Rule:228 - rule 117617 - U5Cobra4M][GTZC] default value MPCBB3 and MPCBB5 - Not Privileged memory - MPCBB3 is applicable
2026-05-08 13:38:55,579 [INFO] Rule:228 - rule 117617 - U5Cobra4M][GTZC] default value MPCBB3 and MPCBB5 - Not Privileged memory - MPCBB4 is applicable
2026-05-08 13:38:55,579 [INFO] Rule:228 - rule 117617 - U5Cobra4M][GTZC] default value MPCBB3 and MPCBB5 - Privileged memory - MPCBB1 is applicable
2026-05-08 13:38:55,579 [INFO] Rule:228 - rule 117617 - U5Cobra4M][GTZC] default value MPCBB3 and MPCBB5 - Privileged memory - MPCBB2 is applicable
2026-05-08 13:38:55,579 [INFO] Rule:228 - rule 117617 - U5Cobra4M][GTZC] default value MPCBB3 and MPCBB5 - Privileged memory - MPCBB3 is applicable
2026-05-08 13:38:55,579 [INFO] Rule:228 - rule 117617 - U5Cobra4M][GTZC] default value MPCBB3 and MPCBB5 - Privileged memory - MPCBB4 is applicable
2026-05-08 13:38:55,579 [INFO] Rule:228 - rule Rename SubGHz_Phy SUBGHZ_APPLICATION SUBGHZ_PINGPONG to SUBGHZ_ADV_APPLICATION is applicable
2026-05-08 13:38:55,579 [INFO] Rule:228 - rule Rename Enabled to IBEACON is applicable
2026-05-08 13:38:55,579 [INFO] Rule:228 - rule GTZC_S instance for project manager is applicable
2026-05-08 13:38:55,579 [INFO] Rule:228 - rule GTZC_S instance for context M33S is applicable
2026-05-08 13:38:55,579 [INFO] Rule:228 - rule GTZC_S instance value for IP GTZC is applicable
2026-05-08 13:38:55,579 [INFO] Rule:228 - rule GTZC_S instance for mcu.IP is applicable
2026-05-08 13:38:55,579 [INFO] Rule:228 - rule GTZC_S instance for VP is applicable
2026-05-08 13:38:55,579 [INFO] Rule:228 - rule GTZC_S instance for signal is applicable
2026-05-08 13:38:55,579 [INFO] Rule:228 - rule GTZC_S instance for mcu.Pin is applicable
2026-05-08 13:38:55,579 [INFO] Rule:228 - rule GTZC_S instance for VP is applicable
2026-05-08 13:38:55,579 [INFO] Rule:228 - rule GTZC_S instance for signal is applicable
2026-05-08 13:38:55,579 [INFO] Rule:228 - rule GTZC_S instance for mcu is applicable
2026-05-08 13:38:55,579 [INFO] Rule:228 - rule GTZC_S instance for mcu.Pin is applicable
2026-05-08 13:38:55,579 [INFO] Rule:228 - rule GTZC_S instance value for IP GTZC is applicable
2026-05-08 13:38:55,579 [INFO] Rule:228 - rule GTZC_S instance for project manager is applicable
2026-05-08 13:38:55,579 [INFO] Rule:228 - rule GTZC_S instance for context M33S is applicable
2026-05-08 13:38:55,579 [INFO] Rule:228 - rule GTZC_S instance for VP is applicable
2026-05-08 13:38:55,579 [INFO] Rule:228 - rule GTZC_S instance for signal is applicable
2026-05-08 13:38:55,579 [INFO] Rule:228 - rule SPDIFRX instance for mcu is applicable
2026-05-08 13:38:55,579 [INFO] Rule:228 - rule Rename Tracer Mode is applicable
2026-05-08 13:38:55,579 [INFO] Rule:228 - rule SPDIFRX instance value for IP SPDIFRX is applicable
2026-05-08 13:38:55,579 [INFO] Rule:228 - rule SPDIFRX instance for signal is applicable
2026-05-08 13:38:55,579 [INFO] Rule:228 - rule SPDIFRX instance for project manager is applicable
2026-05-08 13:38:55,579 [INFO] Rule:228 - rule SPDIFRX instance for project manager is applicable
2026-05-08 13:38:55,579 [INFO] Rule:228 - rule ADC Scan  fix with FW F7 is applicable
2026-05-08 13:38:55,579 [INFO] Rule:228 - rule ADC Scan  fix with FW F7 is applicable
2026-05-08 13:38:55,580 [INFO] Rule:228 - rule WakeUp0 Mode is applicable
2026-05-08 13:38:55,580 [INFO] Rule:228 - rule WakeUp0 SIGNAL is applicable
2026-05-08 13:38:55,580 [INFO] Rule:228 - rule WakeUp1 Mode is applicable
2026-05-08 13:38:55,580 [INFO] Rule:228 - rule WakeUp1 SIGNAL is applicable
2026-05-08 13:38:55,580 [INFO] Rule:228 - rule WakeUp2 Mode is applicable
2026-05-08 13:38:55,580 [INFO] Rule:228 - rule WakeUp2 SIGNAL is applicable
2026-05-08 13:38:55,580 [INFO] Rule:228 - rule WakeUp4 Mode is applicable
2026-05-08 13:38:55,580 [INFO] Rule:228 - rule WakeUp4 SIGNAL is applicable
2026-05-08 13:38:55,580 [INFO] Rule:228 - rule WakeUp5 Mode is applicable
2026-05-08 13:38:55,580 [INFO] Rule:228 - rule WakeUp5 SIGNAL is applicable
2026-05-08 13:38:55,580 [INFO] Rule:228 - rule Add RTC Activate Clock Source is applicable
2026-05-08 13:38:55,580 [INFO] Rule:228 - rule Add RTC Activate Calendar 1 is applicable
2026-05-08 13:38:55,580 [INFO] Rule:228 - rule Add RTC Activate Calendar 2 is applicable
2026-05-08 13:38:55,580 [INFO] Rule:228 - rule Add RTC Activate Calendar 3 is applicable
2026-05-08 13:38:55,580 [INFO] Rule:228 - rule UART/USART TX Mode is applicable
2026-05-08 13:38:55,580 [INFO] Rule:228 - rule UART/USART RX Mode is applicable
2026-05-08 13:38:55,580 [INFO] Rule:228 - rule UART/USART RX TX Mode is applicable
2026-05-08 13:38:55,580 [INFO] Rule:228 - rule UART/USART PARITY NONE is applicable
2026-05-08 13:38:55,580 [INFO] Rule:228 - rule UART/USART PARITY EVEN is applicable
2026-05-08 13:38:55,580 [INFO] Rule:228 - rule UART/USART PARITY ODD is applicable
2026-05-08 13:38:55,580 [INFO] Rule:228 - rule USART StopBits 1 is applicable
2026-05-08 13:38:55,580 [INFO] Rule:228 - rule USART StopBits 2 is applicable
2026-05-08 13:38:55,580 [INFO] Rule:228 - rule USART StopBits 1.5 is applicable
2026-05-08 13:38:55,580 [INFO] Rule:228 - rule USART StopBits 0.5 is applicable
2026-05-08 13:38:55,580 [INFO] Rule:228 - rule UART/USART WORD LENGTH 7 is applicable
2026-05-08 13:38:55,580 [INFO] Rule:228 - rule UART/USART WORD LENGTH 8 is applicable
2026-05-08 13:38:55,580 [INFO] Rule:228 - rule UART/USART WORD LENGTH 9 is applicable
2026-05-08 13:38:55,580 [INFO] Rule:228 - rule Rename FMC NAND NCE signal is applicable
2026-05-08 13:38:55,580 [INFO] Rule:228 - rule Rename FMC NAND INT signal is applicable
2026-05-08 13:38:55,580 [INFO] Rule:228 - rule Change Default Value for LSE Drive Capability for WB family is applicable
2026-05-08 13:38:55,580 [INFO] Rule:228 - rule Change Default Value for ADC Clock Prescaler G0 family is applicable
2026-05-08 13:38:55,580 [INFO] Rule:228 - rule Change Default Value for ADC ExternalTrigConv L4 family is applicable
2026-05-08 13:38:55,580 [INFO] Rule:228 - rule Change Default Value for ADC ExternalTrigInjecConv L4 family is applicable
2026-05-08 13:38:55,580 [INFO] Rule:228 - rule Change Default Value for ADC ExternalTrigConv F3 family is applicable
2026-05-08 13:38:55,580 [INFO] Rule:228 - rule Change Default Value for ADC ExternalTrigInjecConv F3 family is applicable
2026-05-08 13:38:55,580 [INFO] Rule:228 - rule Change Default Value for ADC ExternalTrigConv Goldfish serie is applicable
2026-05-08 13:38:55,580 [INFO] Rule:228 - rule Change Default Value for ADC ExternalTrigInjecConv Goldfish serie is applicable
2026-05-08 13:38:55,581 [INFO] Rule:228 - rule Change Default Value for ADC ExternalTrigConv L0 family is applicable
2026-05-08 13:38:55,581 [INFO] Rule:228 - rule Change Default Value for ADC ExternalTrigConv F0 family is applicable
2026-05-08 13:38:55,581 [INFO] Rule:228 - rule Change Default Value for ADC ExternalTrigConvn L1 family is applicable
2026-05-08 13:38:55,581 [INFO] Rule:228 - rule Change Default Value for ADC ExternalTrigInjecConv L1 family is applicable
2026-05-08 13:38:55,581 [INFO] Rule:228 - rule Change Default Value for ADC ExternalTrigConv F1 family is applicable
2026-05-08 13:38:55,581 [INFO] Rule:228 - rule Change Default Value for ADC ExternalTrigInjecConv F1 family is applicable
2026-05-08 13:38:55,581 [INFO] Rule:228 - rule Change Default Value for ADC ExternalTrigConv F7 family is applicable
2026-05-08 13:38:55,581 [INFO] Rule:228 - rule Change Default Value for ADC ExternalTrigInjecConv F7 family is applicable
2026-05-08 13:38:55,581 [INFO] Rule:228 - rule Change Default Value for ADC ExternalTrigConv F4 and F2 family is applicable
2026-05-08 13:38:55,581 [INFO] Rule:228 - rule Change Default Value for ADC ExternalTrigInjecConv F4 and F2 family is applicable
2026-05-08 13:38:55,581 [INFO] Rule:228 - rule ADC SamplingTime fix with FW L0  is applicable
2026-05-08 13:38:55,581 [INFO] Rule:228 - rule ADC SamplingTime fix with FW L0  is applicable
2026-05-08 13:38:55,581 [INFO] Rule:228 - rule ADC SamplingTime fix with FW L0 is applicable
2026-05-08 13:38:55,581 [INFO] Rule:228 - rule ADC SamplingTime fix with FW L0 is applicable
2026-05-08 13:38:55,581 [INFO] Rule:228 - rule ADC SamplingTime fix with FW L0  is applicable
2026-05-08 13:38:55,581 [INFO] Rule:228 - rule ADC SamplingTime fix with FW L0 is applicable
2026-05-08 13:38:55,581 [INFO] Rule:228 - rule Rename USB_OE Signal is applicable
2026-05-08 13:38:55,581 [INFO] Rule:228 - rule Rename Activate_OE Mode is applicable
2026-05-08 13:38:55,581 [INFO] Rule:228 - rule Rename DIE462/DIE415 pin PC14/OSC32_IN -> PC14-OSC32_IN (PC14) is applicable
2026-05-08 13:38:55,581 [INFO] Rule:228 - rule Rename DIE462/DIE415 pin PC15/OSC32_OUT -> PC15-OSC32_OUT (PC15) is applicable
2026-05-08 13:38:55,581 [INFO] Rule:228 - rule Rename DIE462/DIE415 pin PH0/OSC_IN -> PH0-OSC_IN (PH0) is applicable
2026-05-08 13:38:55,581 [INFO] Rule:228 - rule Rename DIE462/DIE415 pin PH1/OSC_OUT -> PH1-OSC_OUT (PH1) is applicable
2026-05-08 13:38:55,581 [INFO] Rule:228 - rule Rename DIE462 pin PA13 -> PA13 (JTMS/SWDIO) is applicable
2026-05-08 13:38:55,581 [INFO] Rule:228 - rule Rename DIE415 pin PA13 -> PA13 (JTMS/SWDIO) is applicable
2026-05-08 13:38:55,581 [INFO] Rule:228 - rule Rename DIE462 pin PA14 -> PA14 (JTCK/SWCLK) is applicable
2026-05-08 13:38:55,581 [INFO] Rule:228 - rule Rename DIE415 pin PA14 -> PA14 (JTCK/SWCLK) is applicable
2026-05-08 13:38:55,581 [INFO] Rule:228 - rule Rename DIE462/DIE415 pin PA15 -> PA15 (JTDI) is applicable
2026-05-08 13:38:55,581 [INFO] Rule:228 - rule Rename DIE462 pin PB3 -> PB3 (JTD0/TRACESWO) is applicable
2026-05-08 13:38:55,581 [INFO] Rule:228 - rule Rename DIE415 pin PB3 -> PB3 (JTD0-TRACESWO) is applicable
2026-05-08 13:38:55,581 [INFO] Rule:228 - rule Rename DIE462/DIE415 pin PB4 -> PB4 (NJTRST) is applicable
2026-05-08 13:38:55,581 [INFO] Rule:228 - rule Rename DIE462 pin PH3/BOOT0 -> PH3-BOOT0 (BOOT0) is applicable
2026-05-08 13:38:55,581 [INFO] Rule:228 - rule Rename CRYP DataEncryptionTypesList to Algorithm is applicable
2026-05-08 13:38:55,581 [INFO] Rule:228 - rule Rename AES DataEncryptionTypesList to Algorithm is applicable
2026-05-08 13:38:55,581 [INFO] Rule:228 - rule Rename TDESECB to CRYP_TDES_ECB is applicable
2026-05-08 13:38:55,581 [INFO] Rule:228 - rule Rename TDESCBC to CRYP_TDES_CBC is applicable
2026-05-08 13:38:55,581 [INFO] Rule:228 - rule Rename DESECB to CRYP_DES_ECB is applicable
2026-05-08 13:38:55,581 [INFO] Rule:228 - rule Rename DESCBC to CRYP_DES_CBC is applicable
2026-05-08 13:38:55,581 [INFO] Rule:228 - rule Rename AESECB to CRYP_AES_ECB is applicable
2026-05-08 13:38:55,582 [INFO] Rule:228 - rule Rename AESCBC to CRYP_AES_CBC is applicable
2026-05-08 13:38:55,582 [INFO] Rule:228 - rule Rename AESCTR to CRYP_AES_CTR is applicable
2026-05-08 13:38:55,582 [INFO] Rule:228 - rule Rename AESGCM to CRYP_AES_GCM is applicable
2026-05-08 13:38:55,582 [INFO] Rule:228 - rule Rename AESCCM to CRYP_AES_CCM is applicable
2026-05-08 13:38:55,583 [INFO] Rule:228 - rule Rename CAN TimeSeg1 to BS1 is applicable
2026-05-08 13:38:55,583 [INFO] Rule:228 - rule Rename CAN TimeSeg2 to BS2 is applicable
2026-05-08 13:38:55,583 [INFO] Rule:228 - rule Rename CAN SyncJumpWidth to SJW is applicable
2026-05-08 13:38:55,583 [INFO] Rule:228 - rule TimeTriggeredMode to TTCM is applicable
2026-05-08 13:38:55,583 [INFO] Rule:228 - rule Rename CAN AutoBusOff to ABOM is applicable
2026-05-08 13:38:55,583 [INFO] Rule:228 - rule Rename CAN AutoWakeUp to AWUM is applicable
2026-05-08 13:38:55,583 [INFO] Rule:228 - rule Rename CAN AutoRetransmission to NART is applicable
2026-05-08 13:38:55,583 [INFO] Rule:228 - rule Rename CAN ReceiveFifoLocked to RFLM is applicable
2026-05-08 13:38:55,583 [INFO] Rule:228 - rule Rename CAN TransmitFifoPriority to TXFP is applicable
2026-05-08 13:38:55,583 [INFO] Rule:228 - rule Rename HRTIMER HRTIM_OUTPUTFAULTLEVEL_HIGH in HRTIMER HRTIM_OUTPUTFAULTLEVEL_HIGHZ is applicable
2026-05-08 13:38:55,583 [INFO] Rule:228 - rule Rename TIMER TIM_CLEARINPUTSOURCE_OCREFCLR in  TIMER TIM_CLEARINPUTSOURCE_NONE for F7 family is applicable
2026-05-08 13:38:55,583 [INFO] Rule:228 - rule FDCAN_R1 - Rename FDCAN mode Master into Classic is applicable
2026-05-08 13:38:55,583 [INFO] Rule:228 - rule FDCAN_R2 - Rename FDCAN mode Slave into Classic is applicable
2026-05-08 13:38:55,583 [INFO] Rule:228 - rule FDCAN1_R3 - if PA10.Mode=FullDuplex, add Pin PA12 is applicable
2026-05-08 13:38:55,583 [INFO] Rule:228 - rule FDCAN1_R3 - if PA9.Mode=FullDuplex, add Pin PA11 is applicable
2026-05-08 13:38:55,583 [INFO] Rule:228 - rule FDCAN1_R3 - Alternatepin_1 - if PE1.Mode=FullDuplex, add Pin PB9 is applicable
2026-05-08 13:38:55,583 [INFO] Rule:228 - rule FDCAN1_R3 - Alternatepin_1 - if PE0.Mode=FullDuplex, add Pin PB8 is applicable
2026-05-08 13:38:55,583 [INFO] Rule:228 - rule FDCAN1_R3 - Alternatepin_2 - if PD5.Mode=FullDuplex, add Pin PD1 is applicable
2026-05-08 13:38:55,583 [INFO] Rule:228 - rule FDCAN1_R3 - Alternatepin_2 - if PD4.Mode=FullDuplex, add Pin PD0 is applicable
2026-05-08 13:38:55,583 [INFO] Rule:228 - rule FDCAN1_R4 - Rename Mode FullDuplex into Enable FDCAN_TXFD for pin PA10 is applicable
2026-05-08 13:38:55,584 [INFO] Rule:228 - rule FDCAN1_R4 - Rename Mode FullDuplex into Enable FDCAN_TXFD for pin PA9 is applicable
2026-05-08 13:38:55,584 [INFO] Rule:228 - rule FDCAN1_R4 - Alternatepin_1 - Rename Mode FullDuplex into Enable FDCAN_TXFD for pin PE1 is applicable
2026-05-08 13:38:55,584 [INFO] Rule:228 - rule FDCAN1_R4 - Alternatepin_1 - Rename Mode FullDuplex into Enable FDCAN_TXFD for pin PE0 is applicable
2026-05-08 13:38:55,584 [INFO] Rule:228 - rule FDCAN1_R4 - Alternatepin_2 - Rename Mode FullDuplex into Enable FDCAN_TXFD for pin PD5 is applicable
2026-05-08 13:38:55,584 [INFO] Rule:228 - rule FDCAN1_R4 - Alternatepin_2 - Rename Mode FullDuplex into Enable FDCAN_TXFD for pin PD4 is applicable
2026-05-08 13:38:55,584 [INFO] Rule:228 - rule FDCAN2_R3 - if PD10.Mode=FullDuplex, add Pin PB13 is applicable
2026-05-08 13:38:55,584 [INFO] Rule:228 - rule FDCAN2_R3 - if PD9.Mode=FullDuplex, add Pin PB12 is applicable
2026-05-08 13:38:55,584 [INFO] Rule:228 - rule FDCAN2_R3 - Alternatepin_1 - if PB7.Mode=FullDuplex, add Pin PB6 is applicable
2026-05-08 13:38:55,584 [INFO] Rule:228 - rule FDCAN2_R3 - Alternatepin_1 - if PD9.Mode=FullDuplex, add Pin PB12 is applicable
2026-05-08 13:38:55,584 [INFO] Rule:228 - rule FDCAN2_R4 - Rename Mode FullDuplex into Enable FDCAN_TXFD for pin PD10 is applicable
2026-05-08 13:38:55,584 [INFO] Rule:228 - rule FDCAN2_R4 - Rename Mode FullDuplex into Enable FDCAN_TXFD for pin PD9 is applicable
2026-05-08 13:38:55,584 [INFO] Rule:228 - rule FDCAN2_R4 - Alternatepin_1 - Rename Mode FullDuplex into Enable FDCAN_TXFD for pin PB7 is applicable
2026-05-08 13:38:55,584 [INFO] Rule:228 - rule FDCAN2_R4 - Alternatepin_1 - Rename Mode FullDuplex into Enable FDCAN_TXFD for pin PD6 is applicable
2026-05-08 13:38:55,584 [INFO] Rule:228 - rule USART TxPinLevelInvertParam Mode is applicable
2026-05-08 13:38:55,584 [INFO] Rule:228 - rule USART RxPinLevelInvertParam Mode is applicable
2026-05-08 13:38:55,584 [INFO] Rule:228 - rule USART DataInvertParam Mode is applicable
2026-05-08 13:38:55,584 [INFO] Rule:228 - rule USART SwapParam Mode is applicable
2026-05-08 13:38:55,584 [INFO] Rule:228 - rule USART OverrunDisableParam Mode is applicable
2026-05-08 13:38:55,584 [INFO] Rule:228 - rule USART DMADisableonRxErrorParam Mode is applicable
2026-05-08 13:38:55,584 [INFO] Rule:228 - rule USART MSBFirstParam Mode is applicable
2026-05-08 13:38:55,584 [INFO] Rule:228 - rule Update MwName for USB_DEVICE is applicable
2026-05-08 13:38:55,584 [INFO] Rule:228 - rule Change PWR_Regulator_Voltage_Scale Default Value for RCC  H7 family is applicable
2026-05-08 13:38:55,584 [INFO] Rule:228 - rule UART/USART IPParameter rename Prescaler parameter to ClockPrescaler is applicable
2026-05-08 13:38:55,584 [INFO] Rule:228 - rule UART/USART Prescaler rename Prescaler parameter to ClockPrescaler is applicable
2026-05-08 13:38:55,584 [INFO] Rule:228 - rule TIM1CLockSelection is applicable
2026-05-08 13:38:55,584 [INFO] Rule:228 - rule TIM15CLockSelection is applicable
2026-05-08 13:38:55,584 [INFO] Rule:228 - rule align RCC SDMMC3CLockSelection default value on MP1 is applicable
2026-05-08 13:38:55,584 [INFO] Rule:228 - rule align RCC SDMMC12CLockSelection default value on MP1 is applicable
2026-05-08 13:38:55,585 [INFO] Rule:228 - rule align RCC QSPICLockSelection default value on MP1 is applicable
2026-05-08 13:38:55,585 [INFO] Rule:228 - rule align RCC QSPICLockSelection default value on MP1 is applicable
2026-05-08 13:38:55,585 [INFO] Rule:228 - rule align RCC SPI6CLockSelection default value on MP1 is applicable
2026-05-08 13:38:55,585 [INFO] Rule:228 - rule align RCC LPTIM23CLockSelection default value on MP1 is applicable
2026-05-08 13:38:55,585 [INFO] Rule:228 - rule align RCC LPTIM1CLockSelection default value on MP1 is applicable
2026-05-08 13:38:55,585 [INFO] Rule:228 - rule align RCC USART1CLockSelection default value on MP1 is applicable
2026-05-08 13:38:55,585 [INFO] Rule:228 - rule align RCC USART24CLockSelection default value on MP1 is applicable
2026-05-08 13:38:55,585 [INFO] Rule:228 - rule align RCC USART6CLockSelection default value on MP1 is applicable
2026-05-08 13:38:55,585 [INFO] Rule:228 - rule align RCC UART78CLockSelection default value on MP1 is applicable
2026-05-08 13:38:55,585 [INFO] Rule:228 - rule align RCC USART35CLockSelection default value on MP1 is applicable
2026-05-08 13:38:55,585 [INFO] Rule:228 - rule align RCC SPI45CLockSelection default value on MP1 is applicable
2026-05-08 13:38:55,585 [INFO] Rule:228 - rule align RCC I2C46CLockSelection BCLK value on MP1 is applicable
2026-05-08 13:38:55,585 [INFO] Rule:228 - rule align RCC SPI45CLockSelection default value on MP1 is applicable
2026-05-08 13:38:55,585 [INFO] Rule:228 - rule align RCC I2C12CLockSelection default value on MP1 is applicable
2026-05-08 13:38:55,585 [INFO] Rule:228 - rule align RCC I2C35CLockSelection default value on MP1 is applicable
2026-05-08 13:38:55,585 [INFO] Rule:228 - rule align RCC LPTIM45CLockSelection default value on MP1 is applicable
2026-05-08 13:38:55,585 [INFO] Rule:228 - rule Rename DCMI PIXCK signal is applicable
2026-05-08 13:38:55,585 [INFO] Rule:228 - rule Change Default Value for I2C46CLockSelection MP1 family is applicable
2026-05-08 13:38:55,585 [INFO] Rule:228 - rule Change Default Value for UART for G4, G0 and WB families is applicable
2026-05-08 13:38:55,586 [INFO] Rule:228 - rule Change Default Value for USART for G4, G0 and WB families is applicable
2026-05-08 13:38:55,586 [INFO] Rule:228 - rule Change Default Value for USART for G4 family is applicable
2026-05-08 13:38:55,586 [INFO] Rule:228 - rule Change USART1CLockSelection refparam name for MP1 is applicable
2026-05-08 13:38:55,586 [INFO] Rule:228 - rule Change USART2CLockSelection refparam name for MP1 is applicable
2026-05-08 13:38:55,586 [INFO] Rule:228 - rule Change USART3CLockSelection refparam name for MP1 is applicable
2026-05-08 13:38:55,586 [INFO] Rule:228 - rule Change UART4CLockSelection refparam name for MP1 is applicable
2026-05-08 13:38:55,586 [INFO] Rule:228 - rule Change UART5CLockSelection refparam name for MP1 is applicable
2026-05-08 13:38:55,586 [INFO] Rule:228 - rule Change LPUART1CLockSelection refparam name for MP1 is applicable
2026-05-08 13:38:55,586 [INFO] Rule:228 - rule Change LPTIM1CLockSelection refparam name for MP1 is applicable
2026-05-08 13:38:55,586 [INFO] Rule:228 - rule Change LPTIM2CLockSelection refparam name for MP1 is applicable
2026-05-08 13:38:55,586 [INFO] Rule:228 - rule Change RCC_MCO1Source refparam name for MP1 is applicable
2026-05-08 13:38:55,586 [INFO] Rule:228 - rule Change LSCOSource1 refparam name for MP1 is applicable
2026-05-08 13:38:55,586 [INFO] Rule:228 - rule Change SMPSCLockSelection refparam name for MP1 is applicable
2026-05-08 13:38:55,586 [INFO] Rule:228 - rule Change LPTIM3CLockSelection refparam name for MP1 is applicable
2026-05-08 13:38:55,586 [INFO] Rule:228 - rule Change MPCBB* Default Template Mode to Parameters is applicable
2026-05-08 13:38:55,586 [INFO] Rule:228 - rule Change MPCWM* or MPCBB* Secure Mode to Parameters is applicable
2026-05-08 13:38:55,586 [INFO] Rule:228 - rule Change MPCWM* or MPCBB* No Secure Mode to Parameters is applicable
2026-05-08 13:38:55,586 [INFO] Rule:228 - rule Change TZSC IP Secure Mode to Parameters is applicable
2026-05-08 13:38:55,586 [INFO] Rule:228 - rule Change TZSC IP No Secure Mode to Parameters is applicable
2026-05-08 13:38:55,586 [INFO] Rule:228 - rule Change TZSC IP Privilege Mode to Parameters is applicable
2026-05-08 13:38:55,586 [INFO] Rule:228 - rule Change TZSC IP No Privilege Mode to Parameters is applicable
2026-05-08 13:38:55,586 [INFO] Rule:228 - rule Change TZIC IT Secure Mode to Parameters is applicable
2026-05-08 13:38:55,586 [INFO] Rule:228 - rule Change TZIC IT No Secure Mode to Parameters is applicable
2026-05-08 13:38:55,586 [INFO] Rule:228 - rule Add MPCBB1_NonSecureArea_Start_Address value with referenced to MPCBB1_NonSecureArea_Start value is applicable
2026-05-08 13:38:55,586 [INFO] Rule:228 - rule Add MPCBB2_NonSecureArea_Start_Address value with referenced to MPCBB2_NonSecureArea_Start value is applicable
2026-05-08 13:38:55,586 [INFO] Rule:228 - rule Add MPCWM1_NonSecureArea*_Start_Address value with referenced to MPCWM1_NonSecureArea*_Start value is applicable
2026-05-08 13:38:55,586 [INFO] Rule:228 - rule Add MPCWM2_NonSecureArea*_Start_Address value with referenced to MPCWM2_NonSecureArea*_Start value is applicable
2026-05-08 13:38:55,586 [INFO] Rule:228 - rule Add MPCWM3_NonSecureArea_Start_Address value with referenced to MPCWM3_NonSecureArea_Start value is applicable
2026-05-08 13:38:55,586 [INFO] Rule:228 - rule Change Default Value for PLL1UserDefinedConfig is applicable
2026-05-08 13:38:55,586 [INFO] Rule:228 - rule Change GPIO_PuPd Default Value for USART in async mode is applicable
2026-05-08 13:38:55,586 [INFO] Rule:228 - rule Change SMPSDivider Default Value is applicable
2026-05-08 13:38:55,586 [INFO] Rule:228 - rule OPAMP is applicable
2026-05-08 13:38:55,586 [INFO] Rule:228 - rule LPUART IPParameter rename Prescaler parameter to ClockPrescaler for STM32H7 is applicable
2026-05-08 13:38:55,586 [INFO] Rule:228 - rule LPUART IPParameter rename Prescaler parameter to ClockPrescaler for STM32H7 is applicable
2026-05-08 13:38:55,586 [INFO] Rule:228 - rule LPUART IPParameter rename Prescaler parameter to ClockPrescaler for STM32WB is applicable
2026-05-08 13:38:55,586 [INFO] Rule:228 - rule LPUART IPParameter rename Prescaler parameter to ClockPrescaler for STM32WB is applicable
2026-05-08 13:38:55,586 [INFO] Rule:228 - rule LPUART IPParameter rename Prescaler parameter to ClockPrescaler for STM32G4 is applicable
2026-05-08 13:38:55,586 [INFO] Rule:228 - rule LPUART IPParameter rename Prescaler parameter to ClockPrescaler for STM32G4 is applicable
2026-05-08 13:38:55,586 [INFO] Rule:228 - rule LPUART IPParameter rename Prescaler parameter to ClockPrescaler for STM32L5 is applicable
2026-05-08 13:38:55,586 [INFO] Rule:228 - rule LPUART IPParameter rename Prescaler parameter to ClockPrescaler for STM32L5 is applicable
2026-05-08 13:38:55,587 [INFO] Rule:228 - rule LPUART IPParameter rename Prescaler parameter to ClockPrescaler for STM32G4 is applicable
2026-05-08 13:38:55,587 [INFO] Rule:228 - rule LPUART IPParameter rename Prescaler parameter to ClockPrescaler for STM32G4 is applicable
2026-05-08 13:38:55,587 [INFO] Rule:228 - rule USB device lib V2.5.3 for L0 rename USBD_SUPPORT_USER_STRING parameter to USBD_SUPPORT_USER_STRING_DESC4 is applicable
2026-05-08 13:38:55,587 [INFO] Rule:228 - rule I2SCLockSelection clock entry align is applicable
2026-05-08 13:38:55,587 [INFO] Rule:228 - rule Assign TIMx context if used as SYS timebase is applicable
2026-05-08 13:38:55,587 [INFO] Rule:228 - rule Change GPIO_Pu Default Value for I2C is applicable
2026-05-08 13:38:55,587 [INFO] Rule:228 - rule Change GPIO_Pu Default Value for SMBus is applicable
2026-05-08 13:38:55,587 [INFO] Rule:228 - rule change FDCAN default value is applicable
2026-05-08 13:38:55,587 [INFO] Rule:228 - rule Change mode sai is applicable
2026-05-08 13:38:55,587 [INFO] Rule:228 - rule **Change sai mode is applicable
2026-05-08 13:38:55,587 [INFO] Rule:228 - rule Rename STM32WPAN CFG_BLE_IRK to CFG_BLE_IR is applicable
2026-05-08 13:38:55,587 [INFO] Rule:228 - rule Rename STM32WPAN CFG_BLE_ERK to CFG_BLE_ER is applicable
2026-05-08 13:38:55,587 [INFO] Rule:228 - rule Rename STM32WPAN CFG_BLE_IRK_HEX to CFG_BLE_IR_HEX is applicable
2026-05-08 13:38:55,587 [INFO] Rule:228 - rule Rename STM32WPAN CFG_BLE_ERK_HEX to CFG_BLE_ER_HEX is applicable
2026-05-08 13:38:55,597 [INFO] DbConfProperties:307 - Apply Compatibility (49/262 Rules)
2026-05-08 13:38:55,626 [INFO] ImportTextPane:205 - (OptionalMessage_ERROR) Unable to find key (Mcu.ThirdPartyNb) in loaded IOC file
2026-05-08 13:38:55,822 [INFO] RtosManager:555 - Registered RTOS mode: class=CMSIS, group=RTOS, mode=CMSIS_V1, owner=FREERTOS
2026-05-08 13:38:55,822 [INFO] RtosManager:555 - Registered RTOS mode: class=CMSIS, group=RTOS2, mode=CMSIS_V2, owner=FREERTOS
2026-05-08 13:38:55,822 [INFO] RtosManager:555 - Registered RTOS mode: class=RTOS, group=Core, mode=CMSIS_V1, owner=FREERTOS
2026-05-08 13:38:55,822 [INFO] RtosManager:555 - Registered RTOS mode: class=RTOS, group=Core, mode=CMSIS_V2, owner=FREERTOS
2026-05-08 13:38:55,822 [WARN] ModelIntegratedComponent:184 - Missing modes for component STMicroelectronics:FreeRTOS:0.0.1:STMicroelectronics:RTOS:FreeRTOS:Core:::10.2.0:
2026-05-08 13:38:55,829 [WARN] ModelIntegratedComponent:63 - No mode defined for component null
2026-05-08 13:38:55,829 [WARN] ModelIntegratedComponent:63 - No mode defined for component null
2026-05-08 13:38:55,829 [WARN] ModelIntegratedComponent:63 - No mode defined for component null
2026-05-08 13:38:55,829 [WARN] ModelIntegratedComponent:63 - No mode defined for component null
2026-05-08 13:38:55,829 [WARN] ModelIntegratedComponent:63 - No mode defined for component null
2026-05-08 13:38:55,829 [WARN] ModelIntegratedComponent:63 - No mode defined for component null
2026-05-08 13:38:55,829 [WARN] ModelIntegratedComponent:63 - No mode defined for component null
2026-05-08 13:38:55,829 [WARN] ModelIntegratedComponent:63 - No mode defined for component null
2026-05-08 13:38:55,829 [WARN] ModelIntegratedComponent:63 - No mode defined for component null
2026-05-08 13:38:55,829 [WARN] ModelIntegratedComponent:63 - No mode defined for component null
2026-05-08 13:38:55,829 [WARN] ModelIntegratedComponent:63 - No mode defined for component null
2026-05-08 13:38:55,829 [WARN] ModelIntegratedComponent:63 - No mode defined for component null
2026-05-08 13:38:55,829 [WARN] ModelIntegratedComponent:63 - No mode defined for component null
2026-05-08 13:38:55,830 [WARN] ModelIntegratedComponent:63 - No mode defined for component null
2026-05-08 13:38:55,830 [WARN] ModelIntegratedComponent:63 - No mode defined for component null
2026-05-08 13:38:55,830 [WARN] ModelIntegratedComponent:63 - No mode defined for component null
2026-05-08 13:38:55,830 [WARN] ModelIntegratedComponent:63 - No mode defined for component null
2026-05-08 13:38:55,830 [WARN] ModelIntegratedComponent:63 - No mode defined for component null
2026-05-08 13:38:55,830 [WARN] ModelIntegratedComponent:63 - No mode defined for component null
2026-05-08 13:38:55,830 [WARN] ModelIntegratedComponent:63 - No mode defined for component null
2026-05-08 13:38:55,830 [WARN] ModelIntegratedComponent:63 - No mode defined for component null
2026-05-08 13:38:55,830 [WARN] ModelIntegratedComponent:63 - No mode defined for component null
2026-05-08 13:38:55,830 [WARN] ModelIntegratedComponent:63 - No mode defined for component null
2026-05-08 13:38:55,830 [WARN] ModelIntegratedComponent:63 - No mode defined for component null
2026-05-08 13:38:55,831 [WARN] ModelIntegratedComponent:63 - No mode defined for component null
2026-05-08 13:38:55,831 [WARN] ModelIntegratedComponent:63 - No mode defined for component null
2026-05-08 13:38:55,831 [WARN] ModelIntegratedComponent:63 - No mode defined for component null
2026-05-08 13:38:55,831 [WARN] ModelIntegratedComponent:63 - No mode defined for component null
2026-05-08 13:38:55,831 [WARN] ModelIntegratedComponent:63 - No mode defined for component null
2026-05-08 13:38:55,831 [WARN] ModelIntegratedComponent:63 - No mode defined for component null
2026-05-08 13:38:55,831 [WARN] ModelIntegratedComponent:63 - No mode defined for component null
2026-05-08 13:38:55,831 [WARN] ModelIntegratedComponent:63 - No mode defined for component null
2026-05-08 13:38:55,831 [WARN] ModelIntegratedComponent:63 - No mode defined for component null
2026-05-08 13:38:55,831 [WARN] ModelIntegratedComponent:63 - No mode defined for component null
2026-05-08 13:38:55,831 [WARN] ModelIntegratedComponent:63 - No mode defined for component null
2026-05-08 13:38:55,831 [WARN] ModelPack:524 - Component already loaded: STMicroelectronics:HAL Drivers:0.0.0:STMicroelectronics:Device:STMicro_Driver:XSPI:HAL::0.0.1:HAL_XSPI
2026-05-08 13:38:56,113 [INFO] ThirdPartyModel:298 - Start build external matchings
2026-05-08 13:38:58,701 [INFO] ThirdPartyModel:316 - End build external matchings
2026-05-08 13:38:58,757 [INFO] ImportTextPane:205 - (OptionalMessage_ERROR) IP (RCC) : Parameter (RTCHSEDivFreq_Value) has invalid value (4000000)
2026-05-08 13:38:59,138 [INFO] UtilMem:75 - End LoadConfig() Used Memory: 940873432 Bytes (1073741824)
2026-05-08 13:38:59,299 [WARN] ThirdParty:833 - waiting for thirdparty lock release [change project]
2026-05-08 13:38:59,300 [INFO] ThirdParty:835 - entering critical section [change project]
2026-05-08 13:38:59,300 [INFO] ThirdParty:1030 - CMSIS Pack Vendor :STMicroelectronics X-CUBE-AZRTOS-H7 3.5.0
2026-05-08 13:38:59,301 [INFO] ThirdParty:1030 - CMSIS Pack Vendor :STMicroelectronics X-CUBE-PM33A1 1.0.0
2026-05-08 13:38:59,301 [INFO] ThirdParty:1030 - CMSIS Pack Vendor :STMicroelectronics USBPD 4.1
2026-05-08 13:38:59,301 [INFO] ThirdParty:1030 - CMSIS Pack Vendor :STMicroelectronics USB_HOST 2.0.0
2026-05-08 13:38:59,301 [INFO] ThirdParty:1030 - CMSIS Pack Vendor :STMicroelectronics FP-SNS-MOTENVWB1 1.4.0
2026-05-08 13:38:59,301 [INFO] ThirdParty:1030 - CMSIS Pack Vendor :STMicroelectronics X-CUBE-AZRTOS-F4 1.1.0
2026-05-08 13:38:59,301 [INFO] ThirdParty:1030 - CMSIS Pack Vendor :STMicroelectronics LIBJPEG 8.0.0
2026-05-08 13:38:59,301 [INFO] ThirdParty:1030 - CMSIS Pack Vendor :STMicroelectronics FP-ATR-ASTRA1 2.0.2
2026-05-08 13:38:59,301 [INFO] ThirdParty:1030 - CMSIS Pack Vendor :STMicroelectronics FP-ATR-ASTRA1 2.0.1
2026-05-08 13:38:59,301 [INFO] ThirdParty:1030 - CMSIS Pack Vendor :STMicroelectronics X-CUBE-SMBUS 2.1.0
2026-05-08 13:38:59,301 [INFO] ThirdParty:1030 - CMSIS Pack Vendor :STMicroelectronics X-CUBE-WB05N 1.1.0
2026-05-08 13:38:59,301 [INFO] ThirdParty:1030 - CMSIS Pack Vendor :STMicroelectronics X-CUBE-ISPU 2.1.0
2026-05-08 13:38:59,301 [INFO] ThirdParty:1030 - CMSIS Pack Vendor :STMicroelectronics X-CUBE-FREERTOS 1.2.0
2026-05-08 13:38:59,301 [INFO] ThirdParty:1030 - CMSIS Pack Vendor :STMicroelectronics X-CUBE-NFC12 1.0.0
2026-05-08 13:38:59,301 [INFO] ThirdParty:1030 - CMSIS Pack Vendor :STMicroelectronics X-CUBE-AZRTOS-F7 1.1.0
2026-05-08 13:38:59,301 [INFO] ThirdParty:1030 - CMSIS Pack Vendor :STMicroelectronics X-CUBE-AZRTOS-L5 2.0.0
2026-05-08 13:38:59,301 [INFO] ThirdParty:1030 - CMSIS Pack Vendor :STMicroelectronics USB_DEVICE 2.0.0
2026-05-08 13:38:59,301 [INFO] ThirdParty:1030 - CMSIS Pack Vendor :STMicroelectronics X-CUBE-NFC6 3.1.0
2026-05-08 13:38:59,301 [INFO] ThirdParty:1030 - CMSIS Pack Vendor :STMicroelectronics X-CUBE-MEMS1 11.0.0
2026-05-08 13:38:59,301 [INFO] ThirdParty:1030 - CMSIS Pack Vendor :STMicroelectronics FreeRTOS 0.0.1
2026-05-08 13:38:59,301 [INFO] ThirdParty:1030 - CMSIS Pack Vendor :STMicroelectronics X-CUBE-DPower 1.2.0
2026-05-08 13:38:59,301 [INFO] ThirdParty:1030 - CMSIS Pack Vendor :STMicroelectronics FP-SNS-FLIGHT1 5.0.2
2026-05-08 13:38:59,301 [INFO] ThirdParty:1030 - CMSIS Pack Vendor :STMicroelectronics PDM2PCM 3.3.0
2026-05-08 13:38:59,301 [INFO] ThirdParty:1030 - CMSIS Pack Vendor :STMicroelectronics X-CUBE-AZRTOS-H7 3.4.0
2026-05-08 13:38:59,301 [INFO] ThirdParty:1030 - CMSIS Pack Vendor :STMicroelectronics X-CUBE-DISPLAY 3.0.0
2026-05-08 13:38:59,301 [INFO] ThirdParty:1030 - CMSIS Pack Vendor :STMicroelectronics X-CUBE-GNSS1 7.1.1
2026-05-08 13:38:59,301 [INFO] ThirdParty:1030 - CMSIS Pack Vendor :STMicroelectronics X-CUBE-BLE1 7.0.0
2026-05-08 13:38:59,301 [INFO] ThirdParty:1030 - CMSIS Pack Vendor :STMicroelectronics X-CUBE-NFC10 1.0.0
2026-05-08 13:38:59,301 [INFO] ThirdParty:1030 - CMSIS Pack Vendor :STMicroelectronics X-CUBE-BLEMGR 4.0.0
2026-05-08 13:38:59,301 [INFO] ThirdParty:1030 - CMSIS Pack Vendor :STMicroelectronics X-CUBE-FREERTOS 1.3.1
2026-05-08 13:38:59,302 [INFO] ThirdParty:1030 - CMSIS Pack Vendor :STMicroelectronics HAL Drivers 0.0.0
2026-05-08 13:38:59,302 [INFO] ThirdParty:1030 - CMSIS Pack Vendor :emotas I-CUBE-CANOPEN 1.3.0
2026-05-08 13:38:59,302 [INFO] ThirdParty:1030 - CMSIS Pack Vendor :STMicroelectronics X-CUBE-FREERTOS 1.3.0
2026-05-08 13:38:59,302 [INFO] ThirdParty:1030 - CMSIS Pack Vendor :STMicroelectronics X-CUBE-NFC7 1.0.1
2026-05-08 13:38:59,302 [INFO] ThirdParty:1030 - CMSIS Pack Vendor :STMicroelectronics MBEDTLS 2.14.1
2026-05-08 13:38:59,302 [INFO] ThirdParty:1030 - CMSIS Pack Vendor :STMicroelectronics X-CUBE-GNSS1 7.1.0
2026-05-08 13:38:59,302 [INFO] ThirdParty:1030 - CMSIS Pack Vendor :STMicroelectronics X-CUBE-TOUCHGFX 4.26.0
2026-05-08 13:38:59,302 [INFO] ThirdParty:1030 - CMSIS Pack Vendor :STMicroelectronics X-CUBE-TOUCHGFX 4.26.1
2026-05-08 13:38:59,302 [INFO] ThirdParty:1030 - CMSIS Pack Vendor :STMicroelectronics X-CUBE-BLEMGR 3.1.0
2026-05-08 13:38:59,302 [INFO] ThirdParty:1030 - CMSIS Pack Vendor :STMicroelectronics X-CUBE-AI 10.0.0
2026-05-08 13:38:59,302 [INFO] ThirdParty:1030 - CMSIS Pack Vendor :STMicroelectronics FP-SNS-SMARTAG2 1.2.0
2026-05-08 13:38:59,302 [INFO] ThirdParty:1030 - CMSIS Pack Vendor :STMicroelectronics X-CUBE-MEMS1 11.1.0
2026-05-08 13:38:59,302 [INFO] ThirdParty:1030 - CMSIS Pack Vendor :STMicroelectronics X-CUBE-AZRTOS-WL 2.0.0
2026-05-08 13:38:59,302 [INFO] ThirdParty:1030 - CMSIS Pack Vendor :STMicroelectronics FP-SNS-MOTENV1 5.0.0
2026-05-08 13:38:59,302 [INFO] ThirdParty:1030 - CMSIS Pack Vendor :STMicroelectronics USB_DEVICE 1.0.0
2026-05-08 13:38:59,302 [INFO] ThirdParty:1030 - CMSIS Pack Vendor :STMicroelectronics X-CUBE-AZRTOS-H7RS 1.2.0
2026-05-08 13:38:59,302 [INFO] ThirdParty:1030 - CMSIS Pack Vendor :wolfSSL I-CUBE-wolfMQTT 1.19.0
2026-05-08 13:38:59,302 [INFO] ThirdParty:1030 - CMSIS Pack Vendor :STMicroelectronics X-CUBE-AZRTOS-L4 2.0.0
2026-05-08 13:38:59,302 [INFO] ThirdParty:1030 - CMSIS Pack Vendor :STMicroelectronics ThreadX 0.0.2
2026-05-08 13:38:59,302 [INFO] ThirdParty:1030 - CMSIS Pack Vendor :WES I-CUBE-Cesium 1.3.0
2026-05-08 13:38:59,302 [INFO] ThirdParty:1030 - CMSIS Pack Vendor :STMicroelectronics lwIP 2.1.2
2026-05-08 13:38:59,302 [INFO] ThirdParty:1030 - CMSIS Pack Vendor :STMicroelectronics X-CUBE-SFXS2LP1 4.0.0
2026-05-08 13:38:59,302 [INFO] ThirdParty:1030 - CMSIS Pack Vendor :STMicroelectronics X-CUBE-BLE2 3.3.0
2026-05-08 13:38:59,302 [INFO] ThirdParty:1030 - CMSIS Pack Vendor :STMicroelectronics PDM2PCM 3.2.0
2026-05-08 13:38:59,302 [INFO] ThirdParty:1030 - CMSIS Pack Vendor :STMicroelectronics X-CUBE-WB05N 2.1.0
2026-05-08 13:38:59,302 [INFO] ThirdParty:1030 - CMSIS Pack Vendor :STMicroelectronics X-CUBE-AZRTOS-H7 3.3.0
2026-05-08 13:38:59,302 [INFO] ThirdParty:1030 - CMSIS Pack Vendor :STMicroelectronics X-CUBE-NFC9 1.0.0
2026-05-08 13:38:59,302 [INFO] ThirdParty:1030 - CMSIS Pack Vendor :STMicroelectronics X-CUBE-BLE1 7.1.0
2026-05-08 13:38:59,302 [INFO] ThirdParty:1030 - CMSIS Pack Vendor :STMicroelectronics USB_DEVICE 3.0.0
2026-05-08 13:38:59,302 [INFO] ThirdParty:1030 - CMSIS Pack Vendor :STMicroelectronics X-CUBE-TCPP 4.1.0
2026-05-08 13:38:59,302 [INFO] ThirdParty:1030 - CMSIS Pack Vendor :STMicroelectronics X-CUBE-EEPRMA1 5.2.0
2026-05-08 13:38:59,302 [INFO] ThirdParty:1030 - CMSIS Pack Vendor :STMicroelectronics X-CUBE-IPS 3.0.0
2026-05-08 13:38:59,302 [INFO] ThirdParty:1030 - CMSIS Pack Vendor :STMicroelectronics X-CUBE-AZRTOS-WB 2.0.0
2026-05-08 13:38:59,303 [INFO] ThirdParty:1030 - CMSIS Pack Vendor :STMicroelectronics X-CUBE-GNSS1 7.0.0
2026-05-08 13:38:59,303 [INFO] ThirdParty:1030 - CMSIS Pack Vendor :STMicroelectronics X-CUBE-GNSS1 7.0.1
2026-05-08 13:38:59,303 [INFO] ThirdParty:1030 - CMSIS Pack Vendor :STMicroelectronics X-CUBE-TOUCHGFX 4.25.0
2026-05-08 13:38:59,303 [INFO] ThirdParty:1030 - CMSIS Pack Vendor :STMicroelectronics X-CUBE-AI 10.1.0
2026-05-08 13:38:59,303 [INFO] ThirdParty:1030 - CMSIS Pack Vendor :STMicroelectronics FP-SNS-STBOX1 2.0.0
2026-05-08 13:38:59,303 [INFO] ThirdParty:1030 - CMSIS Pack Vendor :STMicroelectronics X-CUBE-MEMS1 12.0.0
2026-05-08 13:38:59,303 [INFO] ThirdParty:1030 - CMSIS Pack Vendor :STMicroelectronics X-CUBE-STSE01 2.0.0
2026-05-08 13:38:59,303 [INFO] ThirdParty:1030 - CMSIS Pack Vendor :STMicroelectronics X-CUBE-AZRTOS-G0 1.1.0
2026-05-08 13:38:59,303 [INFO] ThirdParty:1030 - CMSIS Pack Vendor :STMicroelectronics X-CUBE-SAFEA1 1.2.2
2026-05-08 13:38:59,303 [INFO] ThirdParty:1030 - CMSIS Pack Vendor :STMicroelectronics X-CUBE-NFC4 3.0.0
2026-05-08 13:38:59,303 [INFO] ThirdParty:1030 - CMSIS Pack Vendor :STMicroelectronics X-CUBE-SUBG2 5.0.0
2026-05-08 13:38:59,303 [INFO] ThirdParty:1030 - CMSIS Pack Vendor :STMicroelectronics X-CUBE-AZRTOS-H7RS 1.1.0
2026-05-08 13:38:59,303 [INFO] ThirdParty:1030 - CMSIS Pack Vendor :STMicroelectronics STM32_WPAN 1.0.0
2026-05-08 13:38:59,303 [INFO] ThirdParty:1030 - CMSIS Pack Vendor :EmbeddedOffice I-CUBE-FS-RTOS 1.0.1
2026-05-08 13:38:59,303 [INFO] ThirdParty:1030 - CMSIS Pack Vendor :STMicroelectronics lwIP 2.0.3
2026-05-08 13:38:59,303 [INFO] ThirdParty:1030 - CMSIS Pack Vendor :Cesanta I-CUBE-Mongoose 7.13.0
2026-05-08 13:38:59,303 [INFO] ThirdParty:1030 - CMSIS Pack Vendor :STMicroelectronics USB_HOST 1.0.0
2026-05-08 13:38:59,303 [INFO] ThirdParty:1030 - CMSIS Pack Vendor :STMicroelectronics X-CUBE-AZRTOS-G4 2.0.0
2026-05-08 13:38:59,303 [INFO] ThirdParty:1030 - CMSIS Pack Vendor :STMicroelectronics X-CUBE-WB05N 2.0.0
2026-05-08 13:38:59,303 [INFO] ThirdParty:1030 - CMSIS Pack Vendor :STMicroelectronics PDM2PCM 3.1.0
2026-05-08 13:38:59,303 [INFO] ThirdParty:1030 - CMSIS Pack Vendor :STMicroelectronics X-CUBE-NFC7 2.0.0
2026-05-08 13:38:59,303 [INFO] ThirdParty:1030 - CMSIS Pack Vendor :RealThread X-CUBE-RT-Thread_Nano 4.1.1
2026-05-08 13:38:59,303 [INFO] ThirdParty:1030 - CMSIS Pack Vendor :STMicroelectronics FP-ATR-SIGFOX1 3.2.0
2026-05-08 13:38:59,303 [INFO] ThirdParty:1030 - CMSIS Pack Vendor :wolfSSL I-CUBE-wolfSSL 5.7.2
2026-05-08 13:38:59,303 [INFO] ThirdParty:1030 - CMSIS Pack Vendor :quantropi X-CUBE-qispace-sdk-base 1.9.3
2026-05-08 13:38:59,303 [INFO] ThirdParty:1030 - CMSIS Pack Vendor :STMicroelectronics X-CUBE-EEPRMA1 5.1.0
2026-05-08 13:38:59,304 [INFO] ThirdParty:1030 - CMSIS Pack Vendor :STMicroelectronics MBEDTLS 2.16.2
2026-05-08 13:38:59,304 [INFO] ThirdParty:1030 - CMSIS Pack Vendor :STMicroelectronics X-CUBE-ALS 1.0.2
2026-05-08 13:38:59,304 [INFO] ThirdParty:1030 - CMSIS Pack Vendor :ITTIA_DB I-CUBE-ITTIADB 8.9.0
2026-05-08 13:38:59,304 [INFO] ThirdParty:1030 - CMSIS Pack Vendor :STMicroelectronics X-CUBE-TOUCHGFX 4.24.2
2026-05-08 13:38:59,304 [INFO] ThirdParty:1030 - CMSIS Pack Vendor :STMicroelectronics X-CUBE-TOUCHGFX 4.24.1
2026-05-08 13:38:59,304 [INFO] ThirdParty:1030 - CMSIS Pack Vendor :STMicroelectronics X-CUBE-STSE01 1.0.0
2026-05-08 13:38:59,304 [INFO] ThirdParty:1030 - CMSIS Pack Vendor :wolfSSL I-CUBE-wolfTPM 3.4.0
2026-05-08 13:38:59,304 [INFO] ThirdParty:1030 - CMSIS Pack Vendor :portGmbH I-Cube-SoM-uGOAL 1.1.0
2026-05-08 13:38:59,304 [INFO] ThirdParty:1030 - CMSIS Pack Vendor :STMicroelectronics X-CUBE-NFC6 3.2.0
2026-05-08 13:38:59,304 [INFO] ThirdParty:1030 - CMSIS Pack Vendor :STMicroelectronics X-CUBE-AI 10.2.0
2026-05-08 13:38:59,304 [INFO] ThirdParty:1030 - CMSIS Pack Vendor :STMicroelectronics ThreadX 1.0.0
2026-05-08 13:38:59,304 [INFO] ThirdParty:1030 - CMSIS Pack Vendor :STMicroelectronics X-CUBE-MEMS1 12.1.0
2026-05-08 13:38:59,304 [INFO] ThirdParty:1030 - CMSIS Pack Vendor :SEGGER I-CUBE-embOS 1.3.1
2026-05-08 13:38:59,304 [INFO] ThirdParty:1030 - CMSIS Pack Vendor :STMicroelectronics X-CUBE-ALGOBUILD 1.4.0
2026-05-08 13:38:59,304 [INFO] ThirdParty:1030 - CMSIS Pack Vendor :STMicroelectronics X-CUBE-MEMS1 11.3.0
2026-05-08 13:38:59,304 [INFO] ThirdParty:1030 - CMSIS Pack Vendor :STMicroelectronics X-CUBE-AZRTOS-H7RS 1.0.0
2026-05-08 13:38:59,304 [INFO] ThirdParty:1030 - CMSIS Pack Vendor :STMicroelectronics FP-ATR-ASTRA1 2.0.0
2026-05-08 13:38:59,304 [INFO] ThirdParty:1030 - CMSIS Pack Vendor :STMicroelectronics X-CUBE-TOF1 3.4.2
2026-05-08 13:38:59,304 [INFO] ThirdParty:1030 - CMSIS Pack Vendor :STMicroelectronics X-CUBE-AI 9.1.0
2026-05-08 13:38:59,304 [INFO] ThirdParty:1030 - CMSIS Pack Vendor :Infineon AIROC-Wi-Fi-Bluetooth-STM32 1.6.1
2026-05-08 13:38:59,304 [INFO] ThirdParty:1030 - CMSIS Pack Vendor :wolfSSL I-CUBE-wolfSSH 1.4.17
2026-05-08 13:38:59,304 [INFO] ThirdParty:841 - exiting critical section [change project]
2026-05-08 13:38:59,628 [INFO] PinOutPanel:1561 - setPackage(No Configuration,No Configuration)
2026-05-08 13:38:59,629 [INFO] PinOutPanel:1561 - setPackage(STM32F401RETx,LQFP64)
2026-05-08 13:39:00,276 [INFO] UtilMem:75 - Before build in PCC Used Memory: 977254032 Bytes (1073741824)
2026-05-08 13:39:01,284 [INFO] UtilMem:75 - After build in PCC Used Memory: 958091696 Bytes (1073741824)
2026-05-08 13:39:01,311 [INFO] IPUIPlugin:80 - create IPUIPlugin
2026-05-08 13:39:01,311 [INFO] IPUIPlugin:80 - create IPUIPlugin
2026-05-08 13:39:01,311 [INFO] IPUIPlugin:80 - create IPUIPlugin
2026-05-08 13:39:01,311 [INFO] IPUIPlugin:80 - create IPUIPlugin
2026-05-08 13:39:01,311 [INFO] IPUIPlugin:80 - create IPUIPlugin
2026-05-08 13:39:01,311 [INFO] IPUIPlugin:80 - create IPUIPlugin
2026-05-08 13:39:01,311 [INFO] IPUIPlugin:80 - create IPUIPlugin
2026-05-08 13:39:01,311 [INFO] IPUIPlugin:80 - create IPUIPlugin
2026-05-08 13:39:01,311 [INFO] IPUIPlugin:80 - create IPUIPlugin
2026-05-08 13:39:01,311 [INFO] IPUIPlugin:80 - create IPUIPlugin
2026-05-08 13:39:01,311 [INFO] IPUIPlugin:80 - create IPUIPlugin
2026-05-08 13:39:01,311 [INFO] IPUIPlugin:80 - create IPUIPlugin
2026-05-08 13:39:01,312 [INFO] IPUIPlugin:80 - create IPUIPlugin
2026-05-08 13:39:01,312 [INFO] IPUIPlugin:80 - create IPUIPlugin
2026-05-08 13:39:01,312 [INFO] IPUIPlugin:80 - create IPUIPlugin
2026-05-08 13:39:01,312 [INFO] IPUIPlugin:80 - create IPUIPlugin
2026-05-08 13:39:01,312 [INFO] IPUIPlugin:80 - create IPUIPlugin
2026-05-08 13:39:01,312 [INFO] IPUIPlugin:80 - create IPUIPlugin
2026-05-08 13:39:01,312 [INFO] IPUIPlugin:80 - create IPUIPlugin
2026-05-08 13:39:01,312 [INFO] IPUIPlugin:80 - create IPUIPlugin
2026-05-08 13:39:01,312 [INFO] IPUIPlugin:80 - create IPUIPlugin
2026-05-08 13:39:01,312 [INFO] IPUIPlugin:80 - create IPUIPlugin
2026-05-08 13:39:01,312 [INFO] IPUIPlugin:80 - create IPUIPlugin
2026-05-08 13:39:01,312 [INFO] IPUIPlugin:80 - create IPUIPlugin
2026-05-08 13:39:01,312 [INFO] IPUIPlugin:80 - create IPUIPlugin
2026-05-08 13:39:01,314 [INFO] IPUIPlugin:80 - create IPUIPlugin
2026-05-08 13:39:01,314 [INFO] IPUIPlugin:80 - create IPUIPlugin
2026-05-08 13:39:01,314 [INFO] IPUIPlugin:80 - create IPUIPlugin
2026-05-08 13:39:01,314 [INFO] IPUIPlugin:80 - create IPUIPlugin
2026-05-08 13:39:01,314 [INFO] IPUIPlugin:80 - create IPUIPlugin
2026-05-08 13:39:01,314 [INFO] IPUIPlugin:80 - create IPUIPlugin
2026-05-08 13:39:01,314 [INFO] IPUIPlugin:80 - create IPUIPlugin
2026-05-08 13:39:01,314 [INFO] IPUIPlugin:80 - create IPUIPlugin
2026-05-08 13:39:01,314 [INFO] IPUIPlugin:80 - create IPUIPlugin
2026-05-08 13:39:01,314 [INFO] IPUIPlugin:80 - create IPUIPlugin
2026-05-08 13:39:01,315 [INFO] IPUIPlugin:80 - create IPUIPlugin
2026-05-08 13:39:01,315 [INFO] IPUIPlugin:80 - create IPUIPlugin
2026-05-08 13:39:01,315 [INFO] IPUIPlugin:80 - create IPUIPlugin
2026-05-08 13:39:01,537 [INFO] ApiDbMcu:508 - Load IP Config File for PDM2PCM
2026-05-08 13:39:01,856 [INFO] CADModel:165 - CPN selected for project levelSTM32F401RET6
2026-05-08 13:39:01,856 [INFO] CADModel:114 - Register for checkConnection events
2026-05-08 13:39:01,897 [INFO] OpenFileManager:363 - Restore cursor
2026-05-08 13:39:07,780 [INFO] UtilMem:75 - End SaveConfig() Used Memory: 984436152 Bytes (1073741824)
2026-05-08 13:39:07,864 [INFO] UtilMem:75 - End SaveConfig() Used Memory: 952235208 Bytes (1073741824)
2026-05-08 13:39:08,313 [INFO] BlockDiagram:2766 - set Specific Code input for plugin: NVIC
2026-05-08 13:39:08,313 [INFO] BlockDiagram:2766 - set Specific Code input for plugin: USART
2026-05-08 13:39:08,313 [INFO] BlockDiagram:2766 - set Specific Code input for plugin: SYS
2026-05-08 13:39:08,313 [INFO] BlockDiagram:2766 - set Specific Code input for plugin: GPIO
2026-05-08 13:39:08,313 [INFO] BlockDiagram:2766 - set Specific Code input for plugin: RCC
2026-05-08 13:39:08,315 [INFO] CodeGenerator:807 - code generatio: config db path: D:\STM32CubeIDE_1.16.1\STM32CubeIDE\plugins\com.st.stm32cube.common.mx_6.12.1.202409122256\\db\
2026-05-08 13:39:08,701 [INFO] CodeEngine:255 - oldGeneratedFile, D:\SV\Code\STM32\Buoi4_Nhom5\PROJECT_HAL\MXTmpFiles\license.tmp_save
2026-05-08 13:39:09,182 [INFO] CodeEngine:279 - Generated code: D:\SV\Code\STM32\Buoi4_Nhom5\PROJECT_HAL\MXTmpFiles\license.tmp
2026-05-08 13:39:09,256 [INFO] CodeEngine:255 - oldGeneratedFile, D:\SV\Code\STM32\Buoi4_Nhom5\PROJECT_HAL\MXTmpFiles\gpio.tmp_save
2026-05-08 13:39:09,376 [INFO] CodeEngine:279 - Generated code: D:\SV\Code\STM32\Buoi4_Nhom5\PROJECT_HAL\MXTmpFiles\gpio.tmp
2026-05-08 13:39:09,494 [INFO] CodeEngine:255 - oldGeneratedFile, D:\SV\Code\STM32\Buoi4_Nhom5\PROJECT_HAL\Core\Src\stm32f4xx_it.c_save
2026-05-08 13:39:09,628 [INFO] CodeEngine:279 - Generated code: D:\SV\Code\STM32\Buoi4_Nhom5\PROJECT_HAL\Core\Src\stm32f4xx_it.c
2026-05-08 13:39:09,642 [INFO] CodeEngine:255 - oldGeneratedFile, D:\SV\Code\STM32\Buoi4_Nhom5\PROJECT_HAL\Core\Inc\stm32f4xx_it.h_save
2026-05-08 13:39:09,725 [INFO] CodeEngine:279 - Generated code: D:\SV\Code\STM32\Buoi4_Nhom5\PROJECT_HAL\Core\Inc\stm32f4xx_it.h
2026-05-08 13:39:09,751 [INFO] CodeEngine:255 - oldGeneratedFile, D:\SV\Code\STM32\Buoi4_Nhom5\PROJECT_HAL\Core\Src\stm32f4xx_hal_msp.c_save
2026-05-08 13:39:09,880 [INFO] CodeEngine:279 - Generated code: D:\SV\Code\STM32\Buoi4_Nhom5\PROJECT_HAL\Core\Src\stm32f4xx_hal_msp.c
2026-05-08 13:39:09,891 [INFO] CodeEngine:255 - oldGeneratedFile, D:\SV\Code\STM32\Buoi4_Nhom5\PROJECT_HAL\MXTmpFiles\system.tmp_save
2026-05-08 13:39:09,960 [INFO] CodeEngine:279 - Generated code: D:\SV\Code\STM32\Buoi4_Nhom5\PROJECT_HAL\MXTmpFiles\system.tmp
2026-05-08 13:39:09,982 [INFO] CodeEngine:311 - oldGeneratedFile, D:\SV\Code\STM32\Buoi4_Nhom5\PROJECT_HAL\Core\Inc\stm32f4xx_hal_conf.h_save
2026-05-08 13:39:10,081 [INFO] CodeEngine:335 - Generated code: D:\SV\Code\STM32\Buoi4_Nhom5\PROJECT_HAL\Core\Inc\stm32f4xx_hal_conf.h
2026-05-08 13:39:10,139 [INFO] CodeEngine:255 - oldGeneratedFile, D:\SV\Code\STM32\Buoi4_Nhom5\PROJECT_HAL\Core\Inc\main.h_save
2026-05-08 13:39:10,233 [INFO] CodeEngine:279 - Generated code: D:\SV\Code\STM32\Buoi4_Nhom5\PROJECT_HAL\Core\Inc\main.h
2026-05-08 13:39:10,247 [INFO] CodeEngine:255 - oldGeneratedFile, D:\SV\Code\STM32\Buoi4_Nhom5\PROJECT_HAL\Core\Src\main.c_save
2026-05-08 13:39:10,377 [INFO] CodeEngine:279 - Generated code: D:\SV\Code\STM32\Buoi4_Nhom5\PROJECT_HAL\Core\Src\main.c
2026-05-08 13:39:10,749 [INFO] ProjectBuilder:3249 - Time for Copy HAL[1] : 192mS.
2026-05-08 13:39:10,757 [INFO] ProjectBuilder:4828 - Project Generator version: 4.5.0-B34
2026-05-08 13:39:10,859 [INFO] ConfigFileManager:1531 - The Die is : DIE433
2026-05-08 13:39:10,878 [INFO] ApiDbMcu:508 - Load IP Config File for FATFS
2026-05-08 13:39:10,892 [INFO] ApiDbMcu:508 - Load IP Config File for FREERTOS
2026-05-08 13:39:10,903 [INFO] ApiDbMcu:508 - Load IP Config File for LIBJPEG
2026-05-08 13:39:10,919 [INFO] ApiDbMcu:508 - Load IP Config File for MBEDTLS
2026-05-08 13:39:10,941 [INFO] ApiDbMcu:508 - Load IP Config File for USB_DEVICE
2026-05-08 13:39:10,956 [INFO] ApiDbMcu:508 - Load IP Config File for USB_HOST
2026-05-08 13:39:11,588 [INFO] LogOutputStream:77 - [STDOUT_REDIRECT] 
2026-05-08 13:39:15,641 [INFO] ProjectBuilder:5097 - Time for Generating toolchain IDE Files: 4884mS.
2026-05-08 13:39:15,644 [INFO] ProjectBuilder:3107 - Time for Copy CMSIS : 1mS.
2026-05-08 13:39:15,648 [INFO] ProjectBuilder:3107 - Time for Copy CMSIS : 0mS.
2026-05-08 13:39:17,371 [INFO] McuFinderGlobals:76 - Set McuFinderConnectedMode to true
2026-05-08 13:39:17,375 [INFO] ApiDb:448 - Save user favorites file C:\Users\trung/.stm32cubeide/favorites.mcus.txt: 0 item(s)
2026-05-08 13:39:17,375 [INFO] ApiDb:452 - User favorites MCUs=[]
2026-05-08 13:39:17,378 [INFO] ApiDb:448 - Save user favorites file C:\Users\trung/.stm32cubeide/favorites.boards.txt: 0 item(s)
2026-05-08 13:39:17,378 [INFO] ApiDb:452 - User favorites Boards=[]
2026-05-08 13:46:30,148 [INFO] MainUpdater:2873 - connection check result : 10
2026-05-08 13:46:30,148 [INFO] MainUpdater:2873 - connection check result : 10
2026-05-08 13:46:30,450 [INFO] MicroXplorer:468 - Change Database Path : 
2026-05-08 13:46:30,450 [INFO] MicroXplorer:498 - Change Database Version : DB.6.0.121
2026-05-08 13:46:30,462 [ERROR] ProjectManagerView:394 - 
java.lang.NullPointerException: Cannot invoke "javax.swing.JTextField.getText()" because the return value of "java.util.List.get(int)" is null
	at com.st.microxplorer.plugins.projectmanager.gui.ProjectChoiceTab$10.caretUpdate(ProjectChoiceTab.java:2622) ~[filemanager.jar:?]
	at javax.swing.text.JTextComponent.fireCaretUpdate(JTextComponent.java:412) ~[?:?]
	at javax.swing.text.JTextComponent$MutableCaretEvent.fire(JTextComponent.java:4491) ~[?:?]
	at javax.swing.text.JTextComponent$MutableCaretEvent.stateChanged(JTextComponent.java:4513) ~[?:?]
	at javax.swing.text.DefaultCaret.fireStateChanged(DefaultCaret.java:842) ~[?:?]
	at javax.swing.text.DefaultCaret.changeCaretPosition(DefaultCaret.java:1313) ~[?:?]
	at javax.swing.text.DefaultCaret.handleSetDot(DefaultCaret.java:1212) ~[?:?]
	at javax.swing.text.DefaultCaret.setDot(DefaultCaret.java:1193) ~[?:?]
	at javax.swing.text.DefaultCaret$Handler.insertUpdate(DefaultCaret.java:1789) ~[?:?]
	at javax.swing.text.AbstractDocument.fireInsertUpdate(AbstractDocument.java:226) ~[?:?]
	at javax.swing.text.AbstractDocument.handleInsertString(AbstractDocument.java:780) ~[?:?]
	at javax.swing.text.AbstractDocument.insertString(AbstractDocument.java:739) ~[?:?]
	at javax.swing.text.PlainDocument.insertString(PlainDocument.java:131) ~[?:?]
	at javax.swing.text.AbstractDocument.replace(AbstractDocument.java:698) ~[?:?]
	at javax.swing.text.JTextComponent.setText(JTextComponent.java:1729) ~[?:?]
	at com.st.microxplorer.plugins.projectmanager.gui.ProjectChoiceTab.createHeapStackFields(ProjectChoiceTab.java:972) ~[filemanager.jar:?]
	at com.st.microxplorer.plugins.projectmanager.gui.ProjectChoiceTab.buildLinkSettingsPanel(ProjectChoiceTab.java:3597) ~[filemanager.jar:?]
	at com.st.microxplorer.plugins.projectmanager.gui.ProjectChoiceTab.defineWindowsFields(ProjectChoiceTab.java:1940) ~[filemanager.jar:?]
	at com.st.microxplorer.plugins.projectmanager.gui.ProjectChoiceTab.updateSettings(ProjectChoiceTab.java:550) ~[filemanager.jar:?]
	at com.st.microxplorer.plugins.projectmanager.gui.ProjectSettingsPanel.UpdateDialog(ProjectSettingsPanel.java:245) ~[filemanager.jar:?]
	at com.st.microxplorer.plugins.projectmanager.ProjectManagerView.propertyChange(ProjectManagerView.java:391) ~[filemanager.jar:?]
	at java.beans.PropertyChangeSupport.fire(PropertyChangeSupport.java:343) ~[?:?]
	at java.beans.PropertyChangeSupport.firePropertyChange(PropertyChangeSupport.java:335) ~[?:?]
	at java.beans.PropertyChangeSupport.firePropertyChange(PropertyChangeSupport.java:268) ~[?:?]
	at com.st.microxplorer.util.MXPropertyChangeSupport.firePropertyChange(MXPropertyChangeSupport.java:54) ~[STM32CubeMX.jar:?]
	at com.st.microxplorer.mxsystem.MxSystem.closeConfig(MxSystem.java:900) ~[STM32CubeMX.jar:?]
	at com.st.microxplorer.maingui.MainPanel.closeConfig(MainPanel.java:781) ~[STM32CubeMX.jar:?]
	at com.st.microxplorer.plugins.filemanager.engine.OpenFileManager.loadConfigurationFile(OpenFileManager.java:265) ~[filemanager.jar:?]
	at com.st.microxplorer.plugins.filemanager.engine.MainFileManager.userLoadConfig(MainFileManager.java:352) ~[filemanager.jar:?]
	at com.st.microxplorer.plugins.filemanager.engine.MainFileManager.userLoadConfig(MainFileManager.java:330) ~[filemanager.jar:?]
	at com.st.microxplorer.plugins.filemanager.FileManagerView.getSpecificTask(FileManagerView.java:246) ~[filemanager.jar:?]
	at com.st.stm32cube.common.mx.editor.CubeMxEditor.getMxTabbedPaneInstance(CubeMxEditor.java:1198) ~[com.st.stm32cube.common.mx_6.12.1.202409122256/:?]
	at com.st.stm32cube.common.mx.editor.CubeMxEditor$12$1.createSwingComponent(CubeMxEditor.java:1068) ~[com.st.stm32cube.common.mx_6.12.1.202409122256/:?]
	at com.st.stm32cube.common.mx.oss.core.awtswtbridge.EmbeddedSwingComposite.doComponentCreation(EmbeddedSwingComposite.java:492) ~[com.st.stm32cube.common.mx.oss_6.12.1.202409122256/:?]
	at com.st.stm32cube.common.mx.oss.core.awtswtbridge.EmbeddedSwingComposite$4.run(EmbeddedSwingComposite.java:291) ~[com.st.stm32cube.common.mx.oss_6.12.1.202409122256/:?]
	at com.st.stm32cube.common.mx.oss.core.awtswtbridge.AwtEnvironment$2.run(AwtEnvironment.java:166) ~[com.st.stm32cube.common.mx.oss_6.12.1.202409122256/:?]
	at java.awt.event.InvocationEvent.dispatch(InvocationEvent.java:318) ~[?:?]
	at java.awt.EventQueue.dispatchEventImpl(EventQueue.java:773) ~[?:?]
	at java.awt.EventQueue$4.run(EventQueue.java:720) ~[?:?]
	at java.awt.EventQueue$4.run(EventQueue.java:714) ~[?:?]
	at java.security.AccessController.doPrivileged(AccessController.java:399) ~[?:?]
	at java.security.ProtectionDomain$JavaSecurityAccessImpl.doIntersectionPrivilege(ProtectionDomain.java:86) ~[?:?]
	at java.awt.EventQueue.dispatchEvent(EventQueue.java:742) ~[?:?]
	at java.awt.EventDispatchThread.pumpOneEventForFilters(EventDispatchThread.java:203) ~[?:?]
	at java.awt.EventDispatchThread.pumpEventsForFilter(EventDispatchThread.java:124) ~[?:?]
	at java.awt.EventDispatchThread.pumpEventsForHierarchy(EventDispatchThread.java:113) ~[?:?]
	at java.awt.EventDispatchThread.pumpEvents(EventDispatchThread.java:109) ~[?:?]
	at java.awt.EventDispatchThread.pumpEvents(EventDispatchThread.java:101) ~[?:?]
	at java.awt.EventDispatchThread.run(EventDispatchThread.java:90) ~[?:?]
2026-05-08 13:46:30,471 [WARN] ThirdParty:871 - waiting for thirdparty lock release [close project]
2026-05-08 13:46:30,471 [INFO] ThirdParty:873 - entering critical section [close project]
2026-05-08 13:46:30,471 [INFO] ThirdParty:883 - exiting critical section [close project]
2026-05-08 13:46:30,473 [INFO] PinOutPanel:1561 - setPackage(No Configuration,No Configuration)
2026-05-08 13:46:30,490 [WARN] IpParametersView:151 - Warning: This peripheral hasn't parameters
2026-05-08 13:46:30,506 [WARN] MainPanel:284 - <html><b><center>Warning: This peripheral has no parameters to be configured<br></b></html>
2026-05-08 13:46:30,517 [INFO] UtilMem:75 - Begin LoadConfig() Used Memory: 913237488 Bytes (1073741824)
2026-05-08 13:46:30,518 [INFO] MicroXplorer:468 - Change Database Path : 
2026-05-08 13:46:30,518 [INFO] MicroXplorer:498 - Change Database Version : DB.6.0.121
2026-05-08 13:46:30,518 [INFO] OpenFileManager:332 - Change cursor
2026-05-08 13:46:30,530 [INFO] RulesReader:64 - Compatibility file has been processed (297 Rules)
2026-05-08 13:46:30,536 [INFO] Mcu:2032 - Initializing MCU STM32F401R(D-E)Tx STM32F401RETx STM32F401RET6
2026-05-08 13:46:31,354 [INFO] Context:742 - Trying to add GPIOservice into a context  which must be forbidden
2026-05-08 13:46:31,648 [INFO] RtosManager:555 - Registered RTOS mode: class=CMSIS, group=RTOS, mode=CMSIS_V1, owner=FREERTOS
2026-05-08 13:46:31,648 [INFO] RtosManager:555 - Registered RTOS mode: class=CMSIS, group=RTOS2, mode=CMSIS_V2, owner=FREERTOS
2026-05-08 13:46:31,648 [INFO] RtosManager:555 - Registered RTOS mode: class=RTOS, group=Core, mode=CMSIS_V1, owner=FREERTOS
2026-05-08 13:46:31,648 [INFO] RtosManager:555 - Registered RTOS mode: class=RTOS, group=Core, mode=CMSIS_V2, owner=FREERTOS
2026-05-08 13:46:31,648 [WARN] ModelIntegratedComponent:184 - Missing modes for component STMicroelectronics:FreeRTOS:0.0.1:STMicroelectronics:RTOS:FreeRTOS:Core:::10.2.0:
2026-05-08 13:46:31,651 [WARN] ModelIntegratedComponent:63 - No mode defined for component null
2026-05-08 13:46:31,651 [WARN] ModelIntegratedComponent:63 - No mode defined for component null
2026-05-08 13:46:31,651 [WARN] ModelIntegratedComponent:63 - No mode defined for component null
2026-05-08 13:46:31,651 [WARN] ModelIntegratedComponent:63 - No mode defined for component null
2026-05-08 13:46:31,651 [WARN] ModelIntegratedComponent:63 - No mode defined for component null
2026-05-08 13:46:31,651 [WARN] ModelIntegratedComponent:63 - No mode defined for component null
2026-05-08 13:46:31,651 [WARN] ModelIntegratedComponent:63 - No mode defined for component null
2026-05-08 13:46:31,651 [WARN] ModelIntegratedComponent:63 - No mode defined for component null
2026-05-08 13:46:31,651 [WARN] ModelIntegratedComponent:63 - No mode defined for component null
2026-05-08 13:46:31,651 [WARN] ModelIntegratedComponent:63 - No mode defined for component null
2026-05-08 13:46:31,651 [WARN] ModelIntegratedComponent:63 - No mode defined for component null
2026-05-08 13:46:31,651 [WARN] ModelIntegratedComponent:63 - No mode defined for component null
2026-05-08 13:46:31,651 [WARN] ModelIntegratedComponent:63 - No mode defined for component null
2026-05-08 13:46:31,651 [WARN] ModelIntegratedComponent:63 - No mode defined for component null
2026-05-08 13:46:31,651 [WARN] ModelIntegratedComponent:63 - No mode defined for component null
2026-05-08 13:46:31,652 [WARN] ModelIntegratedComponent:63 - No mode defined for component null
2026-05-08 13:46:31,652 [WARN] ModelIntegratedComponent:63 - No mode defined for component null
2026-05-08 13:46:31,652 [WARN] ModelIntegratedComponent:63 - No mode defined for component null
2026-05-08 13:46:31,652 [WARN] ModelIntegratedComponent:63 - No mode defined for component null
2026-05-08 13:46:31,652 [WARN] ModelIntegratedComponent:63 - No mode defined for component null
2026-05-08 13:46:31,652 [WARN] ModelIntegratedComponent:63 - No mode defined for component null
2026-05-08 13:46:31,652 [WARN] ModelIntegratedComponent:63 - No mode defined for component null
2026-05-08 13:46:31,652 [WARN] ModelIntegratedComponent:63 - No mode defined for component null
2026-05-08 13:46:31,652 [WARN] ModelIntegratedComponent:63 - No mode defined for component null
2026-05-08 13:46:31,652 [WARN] ModelIntegratedComponent:63 - No mode defined for component null
2026-05-08 13:46:31,652 [WARN] ModelIntegratedComponent:63 - No mode defined for component null
2026-05-08 13:46:31,652 [WARN] ModelIntegratedComponent:63 - No mode defined for component null
2026-05-08 13:46:31,652 [WARN] ModelIntegratedComponent:63 - No mode defined for component null
2026-05-08 13:46:31,652 [WARN] ModelIntegratedComponent:63 - No mode defined for component null
2026-05-08 13:46:31,652 [WARN] ModelIntegratedComponent:63 - No mode defined for component null
2026-05-08 13:46:31,652 [WARN] ModelIntegratedComponent:63 - No mode defined for component null
2026-05-08 13:46:31,652 [WARN] ModelIntegratedComponent:63 - No mode defined for component null
2026-05-08 13:46:31,652 [WARN] ModelIntegratedComponent:63 - No mode defined for component null
2026-05-08 13:46:31,652 [WARN] ModelIntegratedComponent:63 - No mode defined for component null
2026-05-08 13:46:31,652 [WARN] ModelIntegratedComponent:63 - No mode defined for component null
2026-05-08 13:46:31,652 [WARN] ModelPack:524 - Component already loaded: STMicroelectronics:HAL Drivers:0.0.0:STMicroelectronics:Device:STMicro_Driver:XSPI:HAL::0.0.1:HAL_XSPI
2026-05-08 13:46:31,858 [INFO] ThirdPartyModel:298 - Start build external matchings
2026-05-08 13:46:33,293 [INFO] ThirdPartyModel:316 - End build external matchings
2026-05-08 13:46:33,331 [INFO] ImportTextPane:205 - (OptionalMessage_ERROR) IP (RCC) : Parameter (RTCHSEDivFreq_Value) has invalid value (4000000)
2026-05-08 13:46:33,593 [INFO] UtilMem:75 - End LoadConfig() Used Memory: 854759856 Bytes (1073741824)
2026-05-08 13:46:33,641 [WARN] ThirdParty:833 - waiting for thirdparty lock release [change project]
2026-05-08 13:46:33,641 [INFO] ThirdParty:835 - entering critical section [change project]
2026-05-08 13:46:33,641 [INFO] ThirdParty:1030 - CMSIS Pack Vendor :STMicroelectronics X-CUBE-AZRTOS-H7 3.5.0
2026-05-08 13:46:33,641 [INFO] ThirdParty:1030 - CMSIS Pack Vendor :STMicroelectronics X-CUBE-PM33A1 1.0.0
2026-05-08 13:46:33,641 [INFO] ThirdParty:1030 - CMSIS Pack Vendor :STMicroelectronics USBPD 4.1
2026-05-08 13:46:33,641 [INFO] ThirdParty:1030 - CMSIS Pack Vendor :STMicroelectronics USB_HOST 2.0.0
2026-05-08 13:46:33,641 [INFO] ThirdParty:1030 - CMSIS Pack Vendor :STMicroelectronics FP-SNS-MOTENVWB1 1.4.0
2026-05-08 13:46:33,641 [INFO] ThirdParty:1030 - CMSIS Pack Vendor :STMicroelectronics X-CUBE-AZRTOS-F4 1.1.0
2026-05-08 13:46:33,641 [INFO] ThirdParty:1030 - CMSIS Pack Vendor :STMicroelectronics LIBJPEG 8.0.0
2026-05-08 13:46:33,641 [INFO] ThirdParty:1030 - CMSIS Pack Vendor :STMicroelectronics FP-ATR-ASTRA1 2.0.2
2026-05-08 13:46:33,641 [INFO] ThirdParty:1030 - CMSIS Pack Vendor :STMicroelectronics FP-ATR-ASTRA1 2.0.1
2026-05-08 13:46:33,641 [INFO] ThirdParty:1030 - CMSIS Pack Vendor :STMicroelectronics X-CUBE-SMBUS 2.1.0
2026-05-08 13:46:33,641 [INFO] ThirdParty:1030 - CMSIS Pack Vendor :STMicroelectronics X-CUBE-WB05N 1.1.0
2026-05-08 13:46:33,641 [INFO] ThirdParty:1030 - CMSIS Pack Vendor :STMicroelectronics X-CUBE-ISPU 2.1.0
2026-05-08 13:46:33,641 [INFO] ThirdParty:1030 - CMSIS Pack Vendor :STMicroelectronics X-CUBE-FREERTOS 1.2.0
2026-05-08 13:46:33,641 [INFO] ThirdParty:1030 - CMSIS Pack Vendor :STMicroelectronics X-CUBE-NFC12 1.0.0
2026-05-08 13:46:33,641 [INFO] ThirdParty:1030 - CMSIS Pack Vendor :STMicroelectronics X-CUBE-AZRTOS-F7 1.1.0
2026-05-08 13:46:33,641 [INFO] ThirdParty:1030 - CMSIS Pack Vendor :STMicroelectronics X-CUBE-AZRTOS-L5 2.0.0
2026-05-08 13:46:33,641 [INFO] ThirdParty:1030 - CMSIS Pack Vendor :STMicroelectronics USB_DEVICE 2.0.0
2026-05-08 13:46:33,641 [INFO] ThirdParty:1030 - CMSIS Pack Vendor :STMicroelectronics X-CUBE-NFC6 3.1.0
2026-05-08 13:46:33,641 [INFO] ThirdParty:1030 - CMSIS Pack Vendor :STMicroelectronics X-CUBE-MEMS1 11.0.0
2026-05-08 13:46:33,641 [INFO] ThirdParty:1030 - CMSIS Pack Vendor :STMicroelectronics FreeRTOS 0.0.1
2026-05-08 13:46:33,641 [INFO] ThirdParty:1030 - CMSIS Pack Vendor :STMicroelectronics X-CUBE-DPower 1.2.0
2026-05-08 13:46:33,641 [INFO] ThirdParty:1030 - CMSIS Pack Vendor :STMicroelectronics FP-SNS-FLIGHT1 5.0.2
2026-05-08 13:46:33,641 [INFO] ThirdParty:1030 - CMSIS Pack Vendor :STMicroelectronics PDM2PCM 3.3.0
2026-05-08 13:46:33,641 [INFO] ThirdParty:1030 - CMSIS Pack Vendor :STMicroelectronics X-CUBE-AZRTOS-H7 3.4.0
2026-05-08 13:46:33,641 [INFO] ThirdParty:1030 - CMSIS Pack Vendor :STMicroelectronics X-CUBE-DISPLAY 3.0.0
2026-05-08 13:46:33,641 [INFO] ThirdParty:1030 - CMSIS Pack Vendor :STMicroelectronics X-CUBE-GNSS1 7.1.1
2026-05-08 13:46:33,641 [INFO] ThirdParty:1030 - CMSIS Pack Vendor :STMicroelectronics X-CUBE-BLE1 7.0.0
2026-05-08 13:46:33,641 [INFO] ThirdParty:1030 - CMSIS Pack Vendor :STMicroelectronics X-CUBE-NFC10 1.0.0
2026-05-08 13:46:33,641 [INFO] ThirdParty:1030 - CMSIS Pack Vendor :STMicroelectronics X-CUBE-BLEMGR 4.0.0
2026-05-08 13:46:33,642 [INFO] ThirdParty:1030 - CMSIS Pack Vendor :STMicroelectronics X-CUBE-FREERTOS 1.3.1
2026-05-08 13:46:33,642 [INFO] ThirdParty:1030 - CMSIS Pack Vendor :STMicroelectronics HAL Drivers 0.0.0
2026-05-08 13:46:33,642 [INFO] ThirdParty:1030 - CMSIS Pack Vendor :emotas I-CUBE-CANOPEN 1.3.0
2026-05-08 13:46:33,642 [INFO] ThirdParty:1030 - CMSIS Pack Vendor :STMicroelectronics X-CUBE-FREERTOS 1.3.0
2026-05-08 13:46:33,642 [INFO] ThirdParty:1030 - CMSIS Pack Vendor :STMicroelectronics X-CUBE-NFC7 1.0.1
2026-05-08 13:46:33,642 [INFO] ThirdParty:1030 - CMSIS Pack Vendor :STMicroelectronics MBEDTLS 2.14.1
2026-05-08 13:46:33,642 [INFO] ThirdParty:1030 - CMSIS Pack Vendor :STMicroelectronics X-CUBE-GNSS1 7.1.0
2026-05-08 13:46:33,642 [INFO] ThirdParty:1030 - CMSIS Pack Vendor :STMicroelectronics X-CUBE-TOUCHGFX 4.26.0
2026-05-08 13:46:33,642 [INFO] ThirdParty:1030 - CMSIS Pack Vendor :STMicroelectronics X-CUBE-TOUCHGFX 4.26.1
2026-05-08 13:46:33,642 [INFO] ThirdParty:1030 - CMSIS Pack Vendor :STMicroelectronics X-CUBE-BLEMGR 3.1.0
2026-05-08 13:46:33,642 [INFO] ThirdParty:1030 - CMSIS Pack Vendor :STMicroelectronics X-CUBE-AI 10.0.0
2026-05-08 13:46:33,642 [INFO] ThirdParty:1030 - CMSIS Pack Vendor :STMicroelectronics FP-SNS-SMARTAG2 1.2.0
2026-05-08 13:46:33,642 [INFO] ThirdParty:1030 - CMSIS Pack Vendor :STMicroelectronics X-CUBE-MEMS1 11.1.0
2026-05-08 13:46:33,642 [INFO] ThirdParty:1030 - CMSIS Pack Vendor :STMicroelectronics X-CUBE-AZRTOS-WL 2.0.0
2026-05-08 13:46:33,642 [INFO] ThirdParty:1030 - CMSIS Pack Vendor :STMicroelectronics FP-SNS-MOTENV1 5.0.0
2026-05-08 13:46:33,642 [INFO] ThirdParty:1030 - CMSIS Pack Vendor :STMicroelectronics USB_DEVICE 1.0.0
2026-05-08 13:46:33,642 [INFO] ThirdParty:1030 - CMSIS Pack Vendor :STMicroelectronics X-CUBE-AZRTOS-H7RS 1.2.0
2026-05-08 13:46:33,642 [INFO] ThirdParty:1030 - CMSIS Pack Vendor :wolfSSL I-CUBE-wolfMQTT 1.19.0
2026-05-08 13:46:33,642 [INFO] ThirdParty:1030 - CMSIS Pack Vendor :STMicroelectronics X-CUBE-AZRTOS-L4 2.0.0
2026-05-08 13:46:33,642 [INFO] ThirdParty:1030 - CMSIS Pack Vendor :STMicroelectronics ThreadX 0.0.2
2026-05-08 13:46:33,642 [INFO] ThirdParty:1030 - CMSIS Pack Vendor :WES I-CUBE-Cesium 1.3.0
2026-05-08 13:46:33,642 [INFO] ThirdParty:1030 - CMSIS Pack Vendor :STMicroelectronics lwIP 2.1.2
2026-05-08 13:46:33,642 [INFO] ThirdParty:1030 - CMSIS Pack Vendor :STMicroelectronics X-CUBE-SFXS2LP1 4.0.0
2026-05-08 13:46:33,642 [INFO] ThirdParty:1030 - CMSIS Pack Vendor :STMicroelectronics X-CUBE-BLE2 3.3.0
2026-05-08 13:46:33,642 [INFO] ThirdParty:1030 - CMSIS Pack Vendor :STMicroelectronics PDM2PCM 3.2.0
2026-05-08 13:46:33,642 [INFO] ThirdParty:1030 - CMSIS Pack Vendor :STMicroelectronics X-CUBE-WB05N 2.1.0
2026-05-08 13:46:33,642 [INFO] ThirdParty:1030 - CMSIS Pack Vendor :STMicroelectronics X-CUBE-AZRTOS-H7 3.3.0
2026-05-08 13:46:33,642 [INFO] ThirdParty:1030 - CMSIS Pack Vendor :STMicroelectronics X-CUBE-NFC9 1.0.0
2026-05-08 13:46:33,642 [INFO] ThirdParty:1030 - CMSIS Pack Vendor :STMicroelectronics X-CUBE-BLE1 7.1.0
2026-05-08 13:46:33,642 [INFO] ThirdParty:1030 - CMSIS Pack Vendor :STMicroelectronics USB_DEVICE 3.0.0
2026-05-08 13:46:33,642 [INFO] ThirdParty:1030 - CMSIS Pack Vendor :STMicroelectronics X-CUBE-TCPP 4.1.0
2026-05-08 13:46:33,642 [INFO] ThirdParty:1030 - CMSIS Pack Vendor :STMicroelectronics X-CUBE-EEPRMA1 5.2.0
2026-05-08 13:46:33,642 [INFO] ThirdParty:1030 - CMSIS Pack Vendor :STMicroelectronics X-CUBE-IPS 3.0.0
2026-05-08 13:46:33,642 [INFO] ThirdParty:1030 - CMSIS Pack Vendor :STMicroelectronics X-CUBE-AZRTOS-WB 2.0.0
2026-05-08 13:46:33,642 [INFO] ThirdParty:1030 - CMSIS Pack Vendor :STMicroelectronics X-CUBE-GNSS1 7.0.0
2026-05-08 13:46:33,642 [INFO] ThirdParty:1030 - CMSIS Pack Vendor :STMicroelectronics X-CUBE-GNSS1 7.0.1
2026-05-08 13:46:33,642 [INFO] ThirdParty:1030 - CMSIS Pack Vendor :STMicroelectronics X-CUBE-TOUCHGFX 4.25.0
2026-05-08 13:46:33,642 [INFO] ThirdParty:1030 - CMSIS Pack Vendor :STMicroelectronics X-CUBE-AI 10.1.0
2026-05-08 13:46:33,642 [INFO] ThirdParty:1030 - CMSIS Pack Vendor :STMicroelectronics FP-SNS-STBOX1 2.0.0
2026-05-08 13:46:33,642 [INFO] ThirdParty:1030 - CMSIS Pack Vendor :STMicroelectronics X-CUBE-MEMS1 12.0.0
2026-05-08 13:46:33,642 [INFO] ThirdParty:1030 - CMSIS Pack Vendor :STMicroelectronics X-CUBE-STSE01 2.0.0
2026-05-08 13:46:33,642 [INFO] ThirdParty:1030 - CMSIS Pack Vendor :STMicroelectronics X-CUBE-AZRTOS-G0 1.1.0
2026-05-08 13:46:33,642 [INFO] ThirdParty:1030 - CMSIS Pack Vendor :STMicroelectronics X-CUBE-SAFEA1 1.2.2
2026-05-08 13:46:33,642 [INFO] ThirdParty:1030 - CMSIS Pack Vendor :STMicroelectronics X-CUBE-NFC4 3.0.0
2026-05-08 13:46:33,642 [INFO] ThirdParty:1030 - CMSIS Pack Vendor :STMicroelectronics X-CUBE-SUBG2 5.0.0
2026-05-08 13:46:33,642 [INFO] ThirdParty:1030 - CMSIS Pack Vendor :STMicroelectronics X-CUBE-AZRTOS-H7RS 1.1.0
2026-05-08 13:46:33,642 [INFO] ThirdParty:1030 - CMSIS Pack Vendor :STMicroelectronics STM32_WPAN 1.0.0
2026-05-08 13:46:33,642 [INFO] ThirdParty:1030 - CMSIS Pack Vendor :EmbeddedOffice I-CUBE-FS-RTOS 1.0.1
2026-05-08 13:46:33,642 [INFO] ThirdParty:1030 - CMSIS Pack Vendor :STMicroelectronics lwIP 2.0.3
2026-05-08 13:46:33,642 [INFO] ThirdParty:1030 - CMSIS Pack Vendor :Cesanta I-CUBE-Mongoose 7.13.0
2026-05-08 13:46:33,642 [INFO] ThirdParty:1030 - CMSIS Pack Vendor :STMicroelectronics USB_HOST 1.0.0
2026-05-08 13:46:33,642 [INFO] ThirdParty:1030 - CMSIS Pack Vendor :STMicroelectronics X-CUBE-AZRTOS-G4 2.0.0
2026-05-08 13:46:33,642 [INFO] ThirdParty:1030 - CMSIS Pack Vendor :STMicroelectronics X-CUBE-WB05N 2.0.0
2026-05-08 13:46:33,642 [INFO] ThirdParty:1030 - CMSIS Pack Vendor :STMicroelectronics PDM2PCM 3.1.0
2026-05-08 13:46:33,642 [INFO] ThirdParty:1030 - CMSIS Pack Vendor :STMicroelectronics X-CUBE-NFC7 2.0.0
2026-05-08 13:46:33,642 [INFO] ThirdParty:1030 - CMSIS Pack Vendor :RealThread X-CUBE-RT-Thread_Nano 4.1.1
2026-05-08 13:46:33,642 [INFO] ThirdParty:1030 - CMSIS Pack Vendor :STMicroelectronics FP-ATR-SIGFOX1 3.2.0
2026-05-08 13:46:33,642 [INFO] ThirdParty:1030 - CMSIS Pack Vendor :wolfSSL I-CUBE-wolfSSL 5.7.2
2026-05-08 13:46:33,642 [INFO] ThirdParty:1030 - CMSIS Pack Vendor :quantropi X-CUBE-qispace-sdk-base 1.9.3
2026-05-08 13:46:33,642 [INFO] ThirdParty:1030 - CMSIS Pack Vendor :STMicroelectronics X-CUBE-EEPRMA1 5.1.0
2026-05-08 13:46:33,642 [INFO] ThirdParty:1030 - CMSIS Pack Vendor :STMicroelectronics MBEDTLS 2.16.2
2026-05-08 13:46:33,642 [INFO] ThirdParty:1030 - CMSIS Pack Vendor :STMicroelectronics X-CUBE-ALS 1.0.2
2026-05-08 13:46:33,642 [INFO] ThirdParty:1030 - CMSIS Pack Vendor :ITTIA_DB I-CUBE-ITTIADB 8.9.0
2026-05-08 13:46:33,642 [INFO] ThirdParty:1030 - CMSIS Pack Vendor :STMicroelectronics X-CUBE-TOUCHGFX 4.24.2
2026-05-08 13:46:33,642 [INFO] ThirdParty:1030 - CMSIS Pack Vendor :STMicroelectronics X-CUBE-TOUCHGFX 4.24.1
2026-05-08 13:46:33,642 [INFO] ThirdParty:1030 - CMSIS Pack Vendor :STMicroelectronics X-CUBE-STSE01 1.0.0
2026-05-08 13:46:33,642 [INFO] ThirdParty:1030 - CMSIS Pack Vendor :wolfSSL I-CUBE-wolfTPM 3.4.0
2026-05-08 13:46:33,642 [INFO] ThirdParty:1030 - CMSIS Pack Vendor :portGmbH I-Cube-SoM-uGOAL 1.1.0
2026-05-08 13:46:33,642 [INFO] ThirdParty:1030 - CMSIS Pack Vendor :STMicroelectronics X-CUBE-NFC6 3.2.0
2026-05-08 13:46:33,642 [INFO] ThirdParty:1030 - CMSIS Pack Vendor :STMicroelectronics X-CUBE-AI 10.2.0
2026-05-08 13:46:33,642 [INFO] ThirdParty:1030 - CMSIS Pack Vendor :STMicroelectronics ThreadX 1.0.0
2026-05-08 13:46:33,642 [INFO] ThirdParty:1030 - CMSIS Pack Vendor :STMicroelectronics X-CUBE-MEMS1 12.1.0
2026-05-08 13:46:33,642 [INFO] ThirdParty:1030 - CMSIS Pack Vendor :SEGGER I-CUBE-embOS 1.3.1
2026-05-08 13:46:33,642 [INFO] ThirdParty:1030 - CMSIS Pack Vendor :STMicroelectronics X-CUBE-ALGOBUILD 1.4.0
2026-05-08 13:46:33,642 [INFO] ThirdParty:1030 - CMSIS Pack Vendor :STMicroelectronics X-CUBE-MEMS1 11.3.0
2026-05-08 13:46:33,642 [INFO] ThirdParty:1030 - CMSIS Pack Vendor :STMicroelectronics X-CUBE-AZRTOS-H7RS 1.0.0
2026-05-08 13:46:33,642 [INFO] ThirdParty:1030 - CMSIS Pack Vendor :STMicroelectronics FP-ATR-ASTRA1 2.0.0
2026-05-08 13:46:33,642 [INFO] ThirdParty:1030 - CMSIS Pack Vendor :STMicroelectronics X-CUBE-TOF1 3.4.2
2026-05-08 13:46:33,642 [INFO] ThirdParty:1030 - CMSIS Pack Vendor :STMicroelectronics X-CUBE-AI 9.1.0
2026-05-08 13:46:33,642 [INFO] ThirdParty:1030 - CMSIS Pack Vendor :Infineon AIROC-Wi-Fi-Bluetooth-STM32 1.6.1
2026-05-08 13:46:33,642 [INFO] ThirdParty:1030 - CMSIS Pack Vendor :wolfSSL I-CUBE-wolfSSH 1.4.17
2026-05-08 13:46:33,642 [INFO] ThirdParty:841 - exiting critical section [change project]
2026-05-08 13:46:33,747 [INFO] PinOutPanel:1561 - setPackage(No Configuration,No Configuration)
2026-05-08 13:46:33,747 [INFO] PinOutPanel:1561 - setPackage(STM32F401RETx,LQFP64)
2026-05-08 13:46:33,888 [INFO] UtilMem:75 - Before build in PCC Used Memory: 740049072 Bytes (1073741824)
2026-05-08 13:46:34,058 [INFO] UtilMem:75 - After build in PCC Used Memory: 785137840 Bytes (1073741824)
2026-05-08 13:46:34,071 [INFO] IPUIPlugin:80 - create IPUIPlugin
2026-05-08 13:46:34,071 [INFO] IPUIPlugin:80 - create IPUIPlugin
2026-05-08 13:46:34,071 [INFO] IPUIPlugin:80 - create IPUIPlugin
2026-05-08 13:46:34,071 [INFO] IPUIPlugin:80 - create IPUIPlugin
2026-05-08 13:46:34,071 [INFO] IPUIPlugin:80 - create IPUIPlugin
2026-05-08 13:46:34,072 [INFO] IPUIPlugin:80 - create IPUIPlugin
2026-05-08 13:46:34,072 [INFO] IPUIPlugin:80 - create IPUIPlugin
2026-05-08 13:46:34,072 [INFO] IPUIPlugin:80 - create IPUIPlugin
2026-05-08 13:46:34,072 [INFO] IPUIPlugin:80 - create IPUIPlugin
2026-05-08 13:46:34,072 [INFO] IPUIPlugin:80 - create IPUIPlugin
2026-05-08 13:46:34,072 [INFO] IPUIPlugin:80 - create IPUIPlugin
2026-05-08 13:46:34,072 [INFO] IPUIPlugin:80 - create IPUIPlugin
2026-05-08 13:46:34,072 [INFO] IPUIPlugin:80 - create IPUIPlugin
2026-05-08 13:46:34,072 [INFO] IPUIPlugin:80 - create IPUIPlugin
2026-05-08 13:46:34,072 [INFO] IPUIPlugin:80 - create IPUIPlugin
2026-05-08 13:46:34,072 [INFO] IPUIPlugin:80 - create IPUIPlugin
2026-05-08 13:46:34,072 [INFO] IPUIPlugin:80 - create IPUIPlugin
2026-05-08 13:46:34,072 [INFO] IPUIPlugin:80 - create IPUIPlugin
2026-05-08 13:46:34,073 [INFO] IPUIPlugin:80 - create IPUIPlugin
2026-05-08 13:46:34,073 [INFO] IPUIPlugin:80 - create IPUIPlugin
2026-05-08 13:46:34,073 [INFO] IPUIPlugin:80 - create IPUIPlugin
2026-05-08 13:46:34,073 [INFO] IPUIPlugin:80 - create IPUIPlugin
2026-05-08 13:46:34,073 [INFO] IPUIPlugin:80 - create IPUIPlugin
2026-05-08 13:46:34,073 [INFO] IPUIPlugin:80 - create IPUIPlugin
2026-05-08 13:46:34,073 [INFO] IPUIPlugin:80 - create IPUIPlugin
2026-05-08 13:46:34,073 [INFO] IPUIPlugin:80 - create IPUIPlugin
2026-05-08 13:46:34,073 [INFO] IPUIPlugin:80 - create IPUIPlugin
2026-05-08 13:46:34,073 [INFO] IPUIPlugin:80 - create IPUIPlugin
2026-05-08 13:46:34,073 [INFO] IPUIPlugin:80 - create IPUIPlugin
2026-05-08 13:46:34,073 [INFO] IPUIPlugin:80 - create IPUIPlugin
2026-05-08 13:46:34,074 [INFO] IPUIPlugin:80 - create IPUIPlugin
2026-05-08 13:46:34,074 [INFO] IPUIPlugin:80 - create IPUIPlugin
2026-05-08 13:46:34,074 [INFO] IPUIPlugin:80 - create IPUIPlugin
2026-05-08 13:46:34,074 [INFO] IPUIPlugin:80 - create IPUIPlugin
2026-05-08 13:46:34,074 [INFO] IPUIPlugin:80 - create IPUIPlugin
2026-05-08 13:46:34,074 [INFO] IPUIPlugin:80 - create IPUIPlugin
2026-05-08 13:46:34,074 [INFO] IPUIPlugin:80 - create IPUIPlugin
2026-05-08 13:46:34,074 [INFO] IPUIPlugin:80 - create IPUIPlugin
2026-05-08 13:46:34,077 [INFO] ApiDbMcu:508 - Load IP Config File for PDM2PCM
2026-05-08 13:46:34,116 [INFO] CADModel:165 - CPN selected for project levelSTM32F401RET6
2026-05-08 13:46:34,116 [INFO] CADModel:114 - Register for checkConnection events
2026-05-08 13:46:34,175 [INFO] OpenFileManager:363 - Restore cursor
2026-05-08 14:07:31,921 [INFO] WebApp:189 - Connection lost
2026-05-08 14:07:33,594 [INFO] WebApp:186 - Connection restablished
2026-05-08 14:07:38,722 [INFO] MainUpdater:2873 - connection check result : 10
2026-05-08 14:07:38,723 [INFO] McuFinderGlobals:76 - Set McuFinderConnectedMode to true
2026-05-08 14:07:40,552 [INFO] ServerAccessManage:473 - Download File mcusAds.json._tmp_
2026-05-08 14:07:40,672 [INFO] LoadUrlFilesThread:156 - End of LoadUrlFiles Thread
2026-05-08 14:07:42,572 [INFO] ServerAccessManage:473 - Download File cube-finder-db.zip
2026-05-08 14:08:22,381 [INFO] WebApp:189 - Connection lost
2026-05-08 14:08:22,617 [INFO] WebApp:186 - Connection restablished
2026-05-08 14:08:33,691 [INFO] FileExtend:240 - Unzip File : cube-finder-db.zip
2026-05-08 14:08:33,691 [INFO] FileExtend:255 - Standard Zip Deflate
2026-05-08 14:08:34,882 [INFO] LoadUrlFilesThread:156 - End of LoadUrlFiles Thread
2026-05-08 14:08:36,024 [INFO] ServerAccessManage:473 - Download File crdb.zip
2026-05-08 14:08:38,284 [INFO] FileExtend:240 - Unzip File : crdb.zip
2026-05-08 14:08:38,284 [INFO] FileExtend:255 - Standard Zip Deflate
2026-05-08 14:08:38,420 [INFO] LoadUrlFilesThread:156 - End of LoadUrlFiles Thread
2026-05-08 14:08:38,592 [INFO] ServerAccessManage:473 - Download File tutoVideoDB.zip
2026-05-08 14:08:38,739 [INFO] FileExtend:240 - Unzip File : tutoVideoDB.zip
2026-05-08 14:08:38,739 [INFO] FileExtend:255 - Standard Zip Deflate
2026-05-08 14:08:38,856 [INFO] LoadUrlFilesThread:156 - End of LoadUrlFiles Thread
2026-05-08 14:08:38,856 [WARN] DbFile:41 - Overriding database path with different value: C:\Users\trung\.stmcufinder\plugins\mcufinder/ => C:\Users\trung\.stmcufinder\plugins\mcufinder
2026-05-08 14:08:39,741 [ERROR] ServerAccessManage:1089 - Problem, file not found on Server
2026-05-08 14:08:39,742 [ERROR] ServerAccessManage:651 - Problem, file not found on Server : api_config.json.
2026-05-08 14:08:42,492 [INFO] LoadUrlFilesThread:156 - End of LoadUrlFiles Thread
2026-05-08 14:08:43,382 [INFO] DbMcusAds:53 - JSON generation date=Mon Apr 27 15:14:29 ICT 2026 (1777277669577)
2026-05-08 14:08:43,390 [INFO] ApiDb:448 - Save user favorites file C:\Users\trung/.stm32cubeide/favorites.mcus.txt: 0 item(s)
2026-05-08 14:08:43,390 [INFO] ApiDb:452 - User favorites MCUs=[]
2026-05-08 14:08:43,394 [INFO] ApiDb:581 - Connected to CubeFinder SQLite database (C:\Users\trung\.stmcufinder\plugins\mcufinder\mcu\cube-finder-db.db)
2026-05-08 14:08:43,479 [INFO] ApiDb:668 - CubeFinder database Data Model version=2.1
2026-05-08 14:08:43,479 [INFO] ApiDb:669 - CubeFinder database Configuration version=3.0.42
2026-05-08 14:08:43,479 [INFO] ApiDb:670 - CubeFinder database generation date=2026-03-11 (1773229989)
2026-05-08 14:08:43,479 [INFO] ApiDb:671 - CubeFinder database FW Pack versions=[FP-ATR-ASTRA1_V2.0.0, FP-SNS-FLIGHT1_V5.1.0, FP-SNS-MOTENV1_V5.1.0, FP-SNS-MOTENVWB1_V1.5.0, FP-SNS-SMARTAG2_V1.2.0, FP-SNS-STBOX1_V2.1.0, STM32Cube_FW_C0_V1.4.0, STM32Cube_FW_F4_V1.28.3, STM32Cube_FW_F7_V1.17.4, STM32Cube_FW_G0_V1.6.3, STM32Cube_FW_G4_V1.6.2, STM32Cube_FW_H5_V1.6.0, STM32Cube_FW_H7RS_V1.3.0, STM32Cube_FW_H7_V1.13.0, STM32Cube_FW_L0_V1.12.2, STM32Cube_FW_L4_V1.18.2, STM32Cube_FW_L5_V1.6.0, STM32Cube_FW_N6_V1.3.0, STM32Cube_FW_U0_V1.3.0, STM32Cube_FW_U3_V1.3.0, STM32Cube_FW_U5_V1.8.0, STM32Cube_FW_WB0_V1.4.0, STM32Cube_FW_WBA_V1.9.0, STM32Cube_FW_WB_V1.24.0, STM32Cube_FW_WL3_V1.4.0, STM32Cube_FW_WL_V1.5.0, X-CUBE-ALGOBUILD_V1.4.0, X-CUBE-ALS_V1.0.2, X-CUBE-AZRTOS-F4_V1.1.0, X-CUBE-AZRTOS-F7_V1.1.0, X-CUBE-AZRTOS-G0_V1.1.0, X-CUBE-AZRTOS-G4_V2.0.0, X-CUBE-AZRTOS-H7RS_V1.1.0, X-CUBE-AZRTOS-H7_V3.4.0, X-CUBE-AZRTOS-L4_V2.0.0, X-CUBE-AZRTOS-L5_V2.0.0, X-CUBE-AZRTOS-WB_V2.0.0, X-CUBE-AZRTOS-WL_V2.0.0, X-CUBE-BLE1_V7.1.0, X-CUBE-BLE2_V3.3.0, X-CUBE-BLEMGR_V4.1.0, X-CUBE-EEPRMA1_V5.2.0, X-CUBE-FREERTOS_V1.5.0, X-CUBE-GNSS1_V6.0.0, X-CUBE-MEMS1_V12.0.0, X-CUBE-NFC4_V3.0.0, X-CUBE-NFC7_V2.0.0, X-CUBE-SFXS2LP1_V4.0.0, X-CUBE-ST67W61_V1.2.0, X-CUBE-SUBG2_V5.0.0, X-CUBE-TOF1_V3.4.3]
2026-05-08 14:08:46,488 [INFO] ApiDb:240 - Found 646 in-development CPN: [B-G473E-ZEST1S, B-WB1M-WPAN1, B-WL5M-SUBG1, NUCLEO-C031C6, NUCLEO-C071RB, NUCLEO-H503RB, NUCLEO-H533RE, NUCLEO-H563ZI, NUCLEO-H7S3L8, NUCLEO-U031R8, NUCLEO-U083RC, NUCLEO-U545RE-Q, NUCLEO-U5A5ZJ-Q, NUCLEO-WB05KZ, NUCLEO-WB07CC, NUCLEO-WB09KE, NUCLEO-WBA52CG, NUCLEO-WBA55CG, STEVAL-PROTEUS1, STEVAL-SMARTAG2, STEVAL-STWINBX1, STM320518-EVAL, STM32C0116-DK, STM32C011D6Y3TR, STM32C011D6Y6TR, STM32C011F4P3, STM32C011F4P6, STM32C011F4U3, STM32C011F4U6TR, STM32C011F6P3, STM32C011F6P6, STM32C011F6U3, STM32C011F6U6TR, STM32C011J4M3, STM32C011J4M6, STM32C011J6M3, STM32C011J6M6, STM32C0316-DK, STM32C031C4T3, STM32C031C4T6, STM32C031C4U3, STM32C031C4U6, STM32C031C6T3, STM32C031C6T6, STM32C031C6U3, STM32C031C6U6, STM32C031F4P3, STM32C031F4P6, STM32C031F6P3, STM32C031F6P6, STM32C031G4U3, STM32C031G4U6, STM32C031G6U3, STM32C031G6U6, STM32C031K4T3, STM32C031K4T6, STM32C031K4U3, STM32C031K4U6, STM32C031K6T3, STM32C031K6T6, STM32C031K6U3, STM32C031K6U6, STM32C071C8T6, STM32C071C8T6N, STM32C071C8U6, STM32C071C8U6N, STM32C071CBT6, STM32C071CBT6N, STM32C071CBU6, STM32C071CBU6N, STM32C071F8P6, STM32C071F8P6N, STM32C071FBP6, STM32C071FBP6N, STM32C071FBY6TR, STM32C071G8U6, STM32C071G8U6N, STM32C071GBU6, STM32C071GBU6N, STM32C071K8T6, STM32C071K8T6N, STM32C071K8U6, STM32C071K8U6N, STM32C071KBT6, STM32C071KBT6N, STM32C071KBU6, STM32C071KBU6N, STM32C071R8T6, STM32C071R8T6N, STM32C071RBI6N, STM32C071RBT6, STM32C071RBT6N, STM32G071K8TXN, STM32G071K8UXN, STM32G081GBU6N, STM32G081KBT6N, STM32G081KBUXN, STM32G0B1CCT6N, STM32G0B1KCT6, STM32G0B1NEY6TR, STM32G0B1RCT6N, STM32G0C1CCT6, STM32G0C1CCT6N, STM32G0C1CCU6N, STM32G0C1CET6N, STM32G0C1CEU6N, STM32G0C1KCT6, STM32G0C1NEY6TR, STM32G0C1RCI6N, STM32G0C1RCT6N, STM32G0C1REI6N, STM32G0C1RET6N, STM32G0C1VCI6, STM32G0C1VEI6, STM32G411C6T3, STM32G411C6T6, STM32G411C6U3, STM32G411C6U6, STM32G411C8T3, STM32G411C8T6, STM32G411C8U3, STM32G411C8U6, STM32G411CBT3, STM32G411CBT6, STM32G411CBU3, STM32G411CBU6, STM32G411K6T3, STM32G411K6T6, STM32G411K6U3, STM32G411K6U6, STM32G411K8T3, STM32G411K8T6, STM32G411K8U3, STM32G411K8U6, STM32G411KBT3, STM32G411KBT6, STM32G411KBU3, STM32G411KBU6, STM32G411M6T3, STM32G411M6T6, STM32G411M8T3, STM32G411M8T6, STM32G411MBT3, STM32G411MBT6, STM32G411R6T3, STM32G411R6T6, STM32G411R8T3, STM32G411R8T6, STM32G411RBT3, STM32G411RBT6, STM32G414CBT3, STM32G414CBT6, STM32G414CBU3, STM32G414CBU6, STM32G414CCT3, STM32G414CCT6, STM32G414CCU3, STM32G414CCU6, STM32G414MBT3, STM32G414MBT6, STM32G414MCT3, STM32G414MCT6, STM32G414RBT3, STM32G414RBT6, STM32G414RCT3, STM32G414RCT6, STM32G414VBT3, STM32G414VBT6, STM32G414VCT3, STM32G414VCT6, STM32G431CBT3Z, STM32G431RBT3Z, STM32G471CCT6, STM32G471CCU6, STM32G471CET3, STM32G471CET6, STM32G471CEU3, STM32G471CEU6, STM32G471MCT6, STM32G471MET3, STM32G471MET6, STM32G471MEY6TR, STM32G471QCT6, STM32G471QET3, STM32G471RCT6, STM32G471RET3, STM32G471RET6, STM32G471VCH6, STM32G471VCI6, STM32G471VCT6, STM32G471VEH3, STM32G471VEH6, STM32G471VEI3, STM32G471VEI6, STM32G471VET3, STM32G471VET6, STM32G473QET3Z, STM32G473RET3Z, STM32G474CCT6, STM32G491RET3Z, STM32H503CBT6, STM32H503CBU6, STM32H503EBY6TR, STM32H503KBU6, STM32H503RBT6, STM32H523CCT6, STM32H523CCU6, STM32H523CET6, STM32H523CEU6, STM32H523HEY6TR, STM32H523RCT6, STM32H523RET6, STM32H523VCI6, STM32H523VCT6, STM32H523VEI6, STM32H523VET6, STM32H523ZCJ6, STM32H523ZCT6, STM32H523ZEJ6, STM32H523ZET6, STM32H533CET6, STM32H533CEU6, STM32H533HEY6TR, STM32H533RET6, STM32H533VEI6, STM32H533VET6, STM32H533ZEJ6, STM32H533ZET6, STM32H562AGI6, STM32H562AII6, STM32H562IGK6, STM32H562IGT6, STM32H562IIK6, STM32H562IIT6, STM32H562RGT6, STM32H562RGV6, STM32H562RIT6, STM32H562RIV6, STM32H562VGT6, STM32H562VIT6, STM32H562ZGT6, STM32H562ZIT6, STM32H563AGI6, STM32H563AII3Q, STM32H563AII6, STM32H563IGK6, STM32H563IGT6, STM32H563IIK3Q, STM32H563IIK6, STM32H563IIT3Q, STM32H563IIT6, STM32H563MIY3QTR, STM32H563RGT6, STM32H563RGV6, STM32H563RIT6, STM32H563RIV6, STM32H563VGT6, STM32H563VIT3Q, STM32H563VIT6, STM32H563ZGT6, STM32H563ZIT3Q, STM32H563ZIT6, STM32H573AII3Q, STM32H573AII6, STM32H573I-DK, STM32H573IIK3Q, STM32H573IIK6, STM32H573IIT3Q, STM32H573IIT6, STM32H573MIY3QTR, STM32H573RIT6, STM32H573RIV6, STM32H573VIT3Q, STM32H573VIT6, STM32H573ZIT3Q, STM32H573ZIT6, STM32H7R3A8I6, STM32H7R3I8K6, STM32H7R3I8T6, STM32H7R3L8H6, STM32H7R3L8H6H, STM32H7R3R8V6, STM32H7R3V8H6, STM32H7R3V8T6, STM32H7R3V8Y6TR, STM32H7R3Z8J6, STM32H7R3Z8T6, STM32H7R7A8I6, STM32H7R7I8K6, STM32H7R7I8T6, STM32H7R7L8H6, STM32H7R7L8H6H, STM32H7R7Z8J6, STM32H7S3A8I6, STM32H7S3I8K6, STM32H7S3I8T6, STM32H7S3L8H6, STM32H7S3L8H6H, STM32H7S3R8V6, STM32H7S3V8H6, STM32H7S3V8T6, STM32H7S3V8Y6TR, STM32H7S3Z8J6, STM32H7S3Z8T6, STM32H7S78-DK, STM32H7S7A8I6, STM32H7S7I8K6, STM32H7S7I8T6, STM32H7S7L8H6, STM32H7S7L8H6H, STM32H7S7Z8J6, STM32L4R5QGI6STR, STM32MP131AAE3, STM32MP131AAF3, STM32MP131AAG3, STM32MP131CAE3, STM32MP131CAF3, STM32MP131CAG3, STM32MP131DAE7, STM32MP131DAF7, STM32MP131DAG7, STM32MP131FAE7, STM32MP131FAF7, STM32MP131FAG7, STM32MP133AAE3, STM32MP133AAF3, STM32MP133AAG3, STM32MP133CAE3, STM32MP133CAF3, STM32MP133CAG3, STM32MP133DAE7, STM32MP133DAF7, STM32MP133DAG7, STM32MP133FAE7, STM32MP133FAF7, STM32MP133FAG7, STM32MP135AAE3, STM32MP135AAF3, STM32MP135AAG3, STM32MP135CAE3, STM32MP135CAF3, STM32MP135CAG3, STM32MP135DAE7, STM32MP135DAF7, STM32MP135DAG7, STM32MP135F-DK, STM32MP135FAE7, STM32MP135FAF7, STM32MP135FAF7T, STM32MP135FAF7U, STM32MP135FAG7, STM32MP251AAI3, STM32MP251AAK3, STM32MP251AAL3, STM32MP251CAI3, STM32MP251CAK3, STM32MP251CAL3, STM32MP251DAI3, STM32MP251DAK3, STM32MP251DAL3, STM32MP251FAI3, STM32MP251FAK3, STM32MP251FAL3, STM32MP253AAI3, STM32MP253AAK3, STM32MP253AAL3, STM32MP253CAI3, STM32MP253CAK3, STM32MP253CAL3, STM32MP253DAI3, STM32MP253DAK3, STM32MP253DAL3, STM32MP253FAI3, STM32MP253FAK3, STM32MP253FAL3, STM32MP255AAI3, STM32MP255AAK3, STM32MP255AAL3, STM32MP255CAI3, STM32MP255CAK3, STM32MP255CAL3, STM32MP255DAI3, STM32MP255DAK3, STM32MP255DAL3, STM32MP255FAI3, STM32MP255FAK3, STM32MP255FAL3, STM32MP257AAI3, STM32MP257AAK3, STM32MP257AAL3, STM32MP257CAI3, STM32MP257CAK3, STM32MP257CAL3, STM32MP257DAI3, STM32MP257DAK3, STM32MP257DAL3, STM32MP257F-DK, STM32MP257F-EV1, STM32MP257FAI3, STM32MP257FAK3, STM32MP257FAL3, STM32U031C6T6, STM32U031C6U6, STM32U031C8T6, STM32U031C8U6, STM32U031F4P6, STM32U031F6P6, STM32U031F8P6, STM32U031G6Y6TR, STM32U031G8Y6TR, STM32U031K4U6, STM32U031K6U6, STM32U031K8U6, STM32U031R6I6, STM32U031R6T6, STM32U031R8I6, STM32U031R8T6, STM32U073C8T6, STM32U073C8U6, STM32U073CBT6, STM32U073CBU6, STM32U073CCT6, STM32U073CCU6, STM32U073H8Y6TR, STM32U073HBY6TR, STM32U073HCY6TR, STM32U073K8U6, STM32U073KBU6, STM32U073KCU6, STM32U073M8I6, STM32U073M8T6, STM32U073MBI6, STM32U073MBT6, STM32U073MCI6, STM32U073MCT6, STM32U073R8I6, STM32U073R8T6, STM32U073RBI6, STM32U073RBT6, STM32U073RCI6, STM32U073RCT6, STM32U083C-DK, STM32U083CCT6, STM32U083CCU6, STM32U083HCY6TR, STM32U083KCU6, STM32U083MCI6, STM32U083MCT6, STM32U083RCI6, STM32U083RCT6, STM32U535CBT6, STM32U535CBT6Q, STM32U535CBU6, STM32U535CBU6Q, STM32U535CCT6, STM32U535CCT6Q, STM32U535CCU6, STM32U535CCU6Q, STM32U535CET6, STM32U535CET6Q, STM32U535CEU6, STM32U535CEU6Q, STM32U535JEY6QTR, STM32U535NCY6QTR, STM32U535NEY6QTR, STM32U535RBI6, STM32U535RBI6Q, STM32U535RBT6, STM32U535RBT6Q, STM32U535RCI6, STM32U535RCI6Q, STM32U535RCT6, STM32U535RCT6Q, STM32U535REI6, STM32U535REI6Q, STM32U535RET6, STM32U535RET6Q, STM32U535VCI6, STM32U535VCI6Q, STM32U535VCT6, STM32U535VCT6Q, STM32U535VEI6, STM32U535VEI6Q, STM32U535VET6, STM32U535VET6Q, STM32U545CET6, STM32U545CET6Q, STM32U545CEU6, STM32U545CEU6Q, STM32U545JEY6QTR, STM32U545NEY6QTR, STM32U545REI6, STM32U545REI6Q, STM32U545RET6, STM32U545RET6Q, STM32U545VEI6, STM32U545VEI6Q, STM32U545VET6, STM32U545VET6Q, STM32U595AIH6, STM32U595AIH6Q, STM32U595AJH6, STM32U595AJH6Q, STM32U595QII6, STM32U595QII6Q, STM32U595QJI6, STM32U595QJI6Q, STM32U595RIT6, STM32U595RIT6Q, STM32U595RJT6, STM32U595RJT6Q, STM32U595VIT6, STM32U595VIT6Q, STM32U595VJT6, STM32U595VJT6Q, STM32U595ZIT6, STM32U595ZIT6Q, STM32U595ZIY6QTR, STM32U595ZJT6, STM32U595ZJT6Q, STM32U595ZJY6QTR, STM32U599BJY6QTR, STM32U599NIH6Q, STM32U599NJH6Q, STM32U599VIT6Q, STM32U599VJT6, STM32U599VJT6Q, STM32U599ZIT6Q, STM32U599ZIY6QTR, STM32U599ZJT6Q, STM32U599ZJY6QTR, STM32U5A5AJH6, STM32U5A5AJH6Q, STM32U5A5QII3Q , STM32U5A5QJI6, STM32U5A5QJI6Q, STM32U5A5RJT6, STM32U5A5RJT6Q, STM32U5A5VJT6, STM32U5A5VJT6Q, STM32U5A5ZJT6, STM32U5A5ZJT6Q, STM32U5A5ZJY6QTR, STM32U5A9BJY6QTR, STM32U5A9J-DK, STM32U5A9NJH6Q, STM32U5A9VJT6Q, STM32U5A9ZJT6Q, STM32U5A9ZJY6QTR, STM32U5F7VIT6, STM32U5F7VIT6Q, STM32U5F7VJT6, STM32U5F7VJT6Q, STM32U5F9BJY6QTR, STM32U5F9NJH6Q, STM32U5F9VIT6Q, STM32U5F9VJT6Q, STM32U5F9ZIJ6QTR, STM32U5F9ZIT6Q, STM32U5F9ZJJ6QTR, STM32U5F9ZJT6Q, STM32U5G7VJT6, STM32U5G7VJT6Q, STM32U5G9BJY6QTR, STM32U5G9J-DK1, STM32U5G9J-DK2, STM32U5G9NJH6Q, STM32U5G9VJT6Q, STM32U5G9ZJJ6QTR, STM32U5G9ZJT6Q, STM32WB05KZV6TR, STM32WB05KZV7TR, STM32WB05TZF6TR, STM32WB05TZF7TR, STM32WB06CCF6TR, STM32WB06CCF7TR, STM32WB06CCV6TR, STM32WB06CCV7TR, STM32WB06KCV6TR, STM32WB06KCV7TR, STM32WB07CCF6TR, STM32WB07CCF7TR, STM32WB07CCV6TR, STM32WB07CCV7TR, STM32WB07KCV6TR, STM32WB07KCV7TR, STM32WB09KEV6TR, STM32WB09KEV7TR, STM32WB09TEF6TR, STM32WB09TEF7TR, STM32WB1MMCH6, STM32WBA50KGU6, STM32WBA50KGU6TR, STM32WBA52CEU6, STM32WBA52CEU6TR, STM32WBA52CEU7, STM32WBA52CEU7TR, STM32WBA52CGU6, STM32WBA52CGU6TR, STM32WBA52CGU6U, STM32WBA52CGU7, STM32WBA52CGU7TR, STM32WBA52KEU6, STM32WBA52KEU6TR, STM32WBA52KGU6, STM32WBA52KGU6TR, STM32WBA54CEU6, STM32WBA54CEU6TR, STM32WBA54CEU7, STM32WBA54CEU7TR, STM32WBA54CGU6, STM32WBA54CGU6TR, STM32WBA54CGU7, STM32WBA54CGU7TR, STM32WBA54KEU6, STM32WBA54KEU6TR, STM32WBA54KEU7, STM32WBA54KEU7TR, STM32WBA54KGU6, STM32WBA54KGU6TR, STM32WBA54KGU7, STM32WBA54KGU7TR, STM32WBA55CEU6, STM32WBA55CEU6TR, STM32WBA55CEU7, STM32WBA55CEU7TR, STM32WBA55CGU6, STM32WBA55CGU6TR, STM32WBA55CGU6U, STM32WBA55CGU7, STM32WBA55CGU7TR, STM32WBA55G-DK1, STM32WBA55HEF6, STM32WBA55HEF7, STM32WBA55HGF6, STM32WBA55HGF7, STM32WBA55UEI6, STM32WBA55UEI6TR, STM32WBA55UEI7, STM32WBA55UEI7TR, STM32WBA55UGI6, STM32WBA55UGI6TR, STM32WBA55UGI7, STM32WBA55UGI7TR, STM32WL5MOCH6, STM32WL5MOCH6TR]
2026-05-08 14:08:46,490 [INFO] DbMcus:218 - Found 5045 MCUs, 4958 are supported
2026-05-08 14:08:46,491 [INFO] ApiDb:423 - Load user favorites file C:\Users\trung/.stm32cubeide/favorites.mcus.txt: 0 item(s)
2026-05-08 14:08:46,491 [INFO] ApiDb:427 - User favorites MCUs=[]
2026-05-08 14:08:46,491 [INFO] DbMcus:224 - Set 0 / 0 favorites MCUs
2026-05-08 14:08:46,895 [INFO] ApiDb:448 - Save user favorites file C:\Users\trung/.stm32cubeide/favorites.boards.txt: 0 item(s)
2026-05-08 14:08:46,895 [INFO] ApiDb:452 - User favorites Boards=[]
2026-05-08 14:08:46,897 [INFO] ApiDb:581 - Connected to CubeFinder SQLite database (C:\Users\trung\.stmcufinder\plugins\mcufinder\mcu\cube-finder-db.db)
2026-05-08 14:08:46,952 [INFO] ApiDb:668 - CubeFinder database Data Model version=2.1
2026-05-08 14:08:46,952 [INFO] ApiDb:669 - CubeFinder database Configuration version=3.0.42
2026-05-08 14:08:46,952 [INFO] ApiDb:670 - CubeFinder database generation date=2026-03-11 (1773229989)
2026-05-08 14:08:46,952 [INFO] ApiDb:671 - CubeFinder database FW Pack versions=[FP-ATR-ASTRA1_V2.0.0, FP-SNS-FLIGHT1_V5.1.0, FP-SNS-MOTENV1_V5.1.0, FP-SNS-MOTENVWB1_V1.5.0, FP-SNS-SMARTAG2_V1.2.0, FP-SNS-STBOX1_V2.1.0, STM32Cube_FW_C0_V1.4.0, STM32Cube_FW_F4_V1.28.3, STM32Cube_FW_F7_V1.17.4, STM32Cube_FW_G0_V1.6.3, STM32Cube_FW_G4_V1.6.2, STM32Cube_FW_H5_V1.6.0, STM32Cube_FW_H7RS_V1.3.0, STM32Cube_FW_H7_V1.13.0, STM32Cube_FW_L0_V1.12.2, STM32Cube_FW_L4_V1.18.2, STM32Cube_FW_L5_V1.6.0, STM32Cube_FW_N6_V1.3.0, STM32Cube_FW_U0_V1.3.0, STM32Cube_FW_U3_V1.3.0, STM32Cube_FW_U5_V1.8.0, STM32Cube_FW_WB0_V1.4.0, STM32Cube_FW_WBA_V1.9.0, STM32Cube_FW_WB_V1.24.0, STM32Cube_FW_WL3_V1.4.0, STM32Cube_FW_WL_V1.5.0, X-CUBE-ALGOBUILD_V1.4.0, X-CUBE-ALS_V1.0.2, X-CUBE-AZRTOS-F4_V1.1.0, X-CUBE-AZRTOS-F7_V1.1.0, X-CUBE-AZRTOS-G0_V1.1.0, X-CUBE-AZRTOS-G4_V2.0.0, X-CUBE-AZRTOS-H7RS_V1.1.0, X-CUBE-AZRTOS-H7_V3.4.0, X-CUBE-AZRTOS-L4_V2.0.0, X-CUBE-AZRTOS-L5_V2.0.0, X-CUBE-AZRTOS-WB_V2.0.0, X-CUBE-AZRTOS-WL_V2.0.0, X-CUBE-BLE1_V7.1.0, X-CUBE-BLE2_V3.3.0, X-CUBE-BLEMGR_V4.1.0, X-CUBE-EEPRMA1_V5.2.0, X-CUBE-FREERTOS_V1.5.0, X-CUBE-GNSS1_V6.0.0, X-CUBE-MEMS1_V12.0.0, X-CUBE-NFC4_V3.0.0, X-CUBE-NFC7_V2.0.0, X-CUBE-SFXS2LP1_V4.0.0, X-CUBE-ST67W61_V1.2.0, X-CUBE-SUBG2_V5.0.0, X-CUBE-TOF1_V3.4.3]
2026-05-08 14:08:47,006 [INFO] DbBoardsSqlite:226 - include board P-NUCLEO-WB55-NUCLEO as a kit item of type 'Nucleo-64'
2026-05-08 14:08:47,006 [INFO] DbBoardsSqlite:226 - include board P-NUCLEO-WB55-USBDONGLE as a kit item of type 'Nucleo USB Dongle'
2026-05-08 14:08:47,006 [INFO] DbBoardsSqlite:226 - include board STEVAL-IDP005V1 as a kit item of type 'Evaluation Board'
2026-05-08 14:08:47,008 [INFO] DbBoardsSqlite:226 - include board STEVAL-IDP005V2 as a kit item of type 'Evaluation Board'
2026-05-08 14:08:47,075 [INFO] ApiDb:240 - Found 646 in-development CPN: [B-G473E-ZEST1S, B-WB1M-WPAN1, B-WL5M-SUBG1, NUCLEO-C031C6, NUCLEO-C071RB, NUCLEO-H503RB, NUCLEO-H533RE, NUCLEO-H563ZI, NUCLEO-H7S3L8, NUCLEO-U031R8, NUCLEO-U083RC, NUCLEO-U545RE-Q, NUCLEO-U5A5ZJ-Q, NUCLEO-WB05KZ, NUCLEO-WB07CC, NUCLEO-WB09KE, NUCLEO-WBA52CG, NUCLEO-WBA55CG, STEVAL-PROTEUS1, STEVAL-SMARTAG2, STEVAL-STWINBX1, STM320518-EVAL, STM32C0116-DK, STM32C011D6Y3TR, STM32C011D6Y6TR, STM32C011F4P3, STM32C011F4P6, STM32C011F4U3, STM32C011F4U6TR, STM32C011F6P3, STM32C011F6P6, STM32C011F6U3, STM32C011F6U6TR, STM32C011J4M3, STM32C011J4M6, STM32C011J6M3, STM32C011J6M6, STM32C0316-DK, STM32C031C4T3, STM32C031C4T6, STM32C031C4U3, STM32C031C4U6, STM32C031C6T3, STM32C031C6T6, STM32C031C6U3, STM32C031C6U6, STM32C031F4P3, STM32C031F4P6, STM32C031F6P3, STM32C031F6P6, STM32C031G4U3, STM32C031G4U6, STM32C031G6U3, STM32C031G6U6, STM32C031K4T3, STM32C031K4T6, STM32C031K4U3, STM32C031K4U6, STM32C031K6T3, STM32C031K6T6, STM32C031K6U3, STM32C031K6U6, STM32C071C8T6, STM32C071C8T6N, STM32C071C8U6, STM32C071C8U6N, STM32C071CBT6, STM32C071CBT6N, STM32C071CBU6, STM32C071CBU6N, STM32C071F8P6, STM32C071F8P6N, STM32C071FBP6, STM32C071FBP6N, STM32C071FBY6TR, STM32C071G8U6, STM32C071G8U6N, STM32C071GBU6, STM32C071GBU6N, STM32C071K8T6, STM32C071K8T6N, STM32C071K8U6, STM32C071K8U6N, STM32C071KBT6, STM32C071KBT6N, STM32C071KBU6, STM32C071KBU6N, STM32C071R8T6, STM32C071R8T6N, STM32C071RBI6N, STM32C071RBT6, STM32C071RBT6N, STM32G071K8TXN, STM32G071K8UXN, STM32G081GBU6N, STM32G081KBT6N, STM32G081KBUXN, STM32G0B1CCT6N, STM32G0B1KCT6, STM32G0B1NEY6TR, STM32G0B1RCT6N, STM32G0C1CCT6, STM32G0C1CCT6N, STM32G0C1CCU6N, STM32G0C1CET6N, STM32G0C1CEU6N, STM32G0C1KCT6, STM32G0C1NEY6TR, STM32G0C1RCI6N, STM32G0C1RCT6N, STM32G0C1REI6N, STM32G0C1RET6N, STM32G0C1VCI6, STM32G0C1VEI6, STM32G411C6T3, STM32G411C6T6, STM32G411C6U3, STM32G411C6U6, STM32G411C8T3, STM32G411C8T6, STM32G411C8U3, STM32G411C8U6, STM32G411CBT3, STM32G411CBT6, STM32G411CBU3, STM32G411CBU6, STM32G411K6T3, STM32G411K6T6, STM32G411K6U3, STM32G411K6U6, STM32G411K8T3, STM32G411K8T6, STM32G411K8U3, STM32G411K8U6, STM32G411KBT3, STM32G411KBT6, STM32G411KBU3, STM32G411KBU6, STM32G411M6T3, STM32G411M6T6, STM32G411M8T3, STM32G411M8T6, STM32G411MBT3, STM32G411MBT6, STM32G411R6T3, STM32G411R6T6, STM32G411R8T3, STM32G411R8T6, STM32G411RBT3, STM32G411RBT6, STM32G414CBT3, STM32G414CBT6, STM32G414CBU3, STM32G414CBU6, STM32G414CCT3, STM32G414CCT6, STM32G414CCU3, STM32G414CCU6, STM32G414MBT3, STM32G414MBT6, STM32G414MCT3, STM32G414MCT6, STM32G414RBT3, STM32G414RBT6, STM32G414RCT3, STM32G414RCT6, STM32G414VBT3, STM32G414VBT6, STM32G414VCT3, STM32G414VCT6, STM32G431CBT3Z, STM32G431RBT3Z, STM32G471CCT6, STM32G471CCU6, STM32G471CET3, STM32G471CET6, STM32G471CEU3, STM32G471CEU6, STM32G471MCT6, STM32G471MET3, STM32G471MET6, STM32G471MEY6TR, STM32G471QCT6, STM32G471QET3, STM32G471RCT6, STM32G471RET3, STM32G471RET6, STM32G471VCH6, STM32G471VCI6, STM32G471VCT6, STM32G471VEH3, STM32G471VEH6, STM32G471VEI3, STM32G471VEI6, STM32G471VET3, STM32G471VET6, STM32G473QET3Z, STM32G473RET3Z, STM32G474CCT6, STM32G491RET3Z, STM32H503CBT6, STM32H503CBU6, STM32H503EBY6TR, STM32H503KBU6, STM32H503RBT6, STM32H523CCT6, STM32H523CCU6, STM32H523CET6, STM32H523CEU6, STM32H523HEY6TR, STM32H523RCT6, STM32H523RET6, STM32H523VCI6, STM32H523VCT6, STM32H523VEI6, STM32H523VET6, STM32H523ZCJ6, STM32H523ZCT6, STM32H523ZEJ6, STM32H523ZET6, STM32H533CET6, STM32H533CEU6, STM32H533HEY6TR, STM32H533RET6, STM32H533VEI6, STM32H533VET6, STM32H533ZEJ6, STM32H533ZET6, STM32H562AGI6, STM32H562AII6, STM32H562IGK6, STM32H562IGT6, STM32H562IIK6, STM32H562IIT6, STM32H562RGT6, STM32H562RGV6, STM32H562RIT6, STM32H562RIV6, STM32H562VGT6, STM32H562VIT6, STM32H562ZGT6, STM32H562ZIT6, STM32H563AGI6, STM32H563AII3Q, STM32H563AII6, STM32H563IGK6, STM32H563IGT6, STM32H563IIK3Q, STM32H563IIK6, STM32H563IIT3Q, STM32H563IIT6, STM32H563MIY3QTR, STM32H563RGT6, STM32H563RGV6, STM32H563RIT6, STM32H563RIV6, STM32H563VGT6, STM32H563VIT3Q, STM32H563VIT6, STM32H563ZGT6, STM32H563ZIT3Q, STM32H563ZIT6, STM32H573AII3Q, STM32H573AII6, STM32H573I-DK, STM32H573IIK3Q, STM32H573IIK6, STM32H573IIT3Q, STM32H573IIT6, STM32H573MIY3QTR, STM32H573RIT6, STM32H573RIV6, STM32H573VIT3Q, STM32H573VIT6, STM32H573ZIT3Q, STM32H573ZIT6, STM32H7R3A8I6, STM32H7R3I8K6, STM32H7R3I8T6, STM32H7R3L8H6, STM32H7R3L8H6H, STM32H7R3R8V6, STM32H7R3V8H6, STM32H7R3V8T6, STM32H7R3V8Y6TR, STM32H7R3Z8J6, STM32H7R3Z8T6, STM32H7R7A8I6, STM32H7R7I8K6, STM32H7R7I8T6, STM32H7R7L8H6, STM32H7R7L8H6H, STM32H7R7Z8J6, STM32H7S3A8I6, STM32H7S3I8K6, STM32H7S3I8T6, STM32H7S3L8H6, STM32H7S3L8H6H, STM32H7S3R8V6, STM32H7S3V8H6, STM32H7S3V8T6, STM32H7S3V8Y6TR, STM32H7S3Z8J6, STM32H7S3Z8T6, STM32H7S78-DK, STM32H7S7A8I6, STM32H7S7I8K6, STM32H7S7I8T6, STM32H7S7L8H6, STM32H7S7L8H6H, STM32H7S7Z8J6, STM32L4R5QGI6STR, STM32MP131AAE3, STM32MP131AAF3, STM32MP131AAG3, STM32MP131CAE3, STM32MP131CAF3, STM32MP131CAG3, STM32MP131DAE7, STM32MP131DAF7, STM32MP131DAG7, STM32MP131FAE7, STM32MP131FAF7, STM32MP131FAG7, STM32MP133AAE3, STM32MP133AAF3, STM32MP133AAG3, STM32MP133CAE3, STM32MP133CAF3, STM32MP133CAG3, STM32MP133DAE7, STM32MP133DAF7, STM32MP133DAG7, STM32MP133FAE7, STM32MP133FAF7, STM32MP133FAG7, STM32MP135AAE3, STM32MP135AAF3, STM32MP135AAG3, STM32MP135CAE3, STM32MP135CAF3, STM32MP135CAG3, STM32MP135DAE7, STM32MP135DAF7, STM32MP135DAG7, STM32MP135F-DK, STM32MP135FAE7, STM32MP135FAF7, STM32MP135FAF7T, STM32MP135FAF7U, STM32MP135FAG7, STM32MP251AAI3, STM32MP251AAK3, STM32MP251AAL3, STM32MP251CAI3, STM32MP251CAK3, STM32MP251CAL3, STM32MP251DAI3, STM32MP251DAK3, STM32MP251DAL3, STM32MP251FAI3, STM32MP251FAK3, STM32MP251FAL3, STM32MP253AAI3, STM32MP253AAK3, STM32MP253AAL3, STM32MP253CAI3, STM32MP253CAK3, STM32MP253CAL3, STM32MP253DAI3, STM32MP253DAK3, STM32MP253DAL3, STM32MP253FAI3, STM32MP253FAK3, STM32MP253FAL3, STM32MP255AAI3, STM32MP255AAK3, STM32MP255AAL3, STM32MP255CAI3, STM32MP255CAK3, STM32MP255CAL3, STM32MP255DAI3, STM32MP255DAK3, STM32MP255DAL3, STM32MP255FAI3, STM32MP255FAK3, STM32MP255FAL3, STM32MP257AAI3, STM32MP257AAK3, STM32MP257AAL3, STM32MP257CAI3, STM32MP257CAK3, STM32MP257CAL3, STM32MP257DAI3, STM32MP257DAK3, STM32MP257DAL3, STM32MP257F-DK, STM32MP257F-EV1, STM32MP257FAI3, STM32MP257FAK3, STM32MP257FAL3, STM32U031C6T6, STM32U031C6U6, STM32U031C8T6, STM32U031C8U6, STM32U031F4P6, STM32U031F6P6, STM32U031F8P6, STM32U031G6Y6TR, STM32U031G8Y6TR, STM32U031K4U6, STM32U031K6U6, STM32U031K8U6, STM32U031R6I6, STM32U031R6T6, STM32U031R8I6, STM32U031R8T6, STM32U073C8T6, STM32U073C8U6, STM32U073CBT6, STM32U073CBU6, STM32U073CCT6, STM32U073CCU6, STM32U073H8Y6TR, STM32U073HBY6TR, STM32U073HCY6TR, STM32U073K8U6, STM32U073KBU6, STM32U073KCU6, STM32U073M8I6, STM32U073M8T6, STM32U073MBI6, STM32U073MBT6, STM32U073MCI6, STM32U073MCT6, STM32U073R8I6, STM32U073R8T6, STM32U073RBI6, STM32U073RBT6, STM32U073RCI6, STM32U073RCT6, STM32U083C-DK, STM32U083CCT6, STM32U083CCU6, STM32U083HCY6TR, STM32U083KCU6, STM32U083MCI6, STM32U083MCT6, STM32U083RCI6, STM32U083RCT6, STM32U535CBT6, STM32U535CBT6Q, STM32U535CBU6, STM32U535CBU6Q, STM32U535CCT6, STM32U535CCT6Q, STM32U535CCU6, STM32U535CCU6Q, STM32U535CET6, STM32U535CET6Q, STM32U535CEU6, STM32U535CEU6Q, STM32U535JEY6QTR, STM32U535NCY6QTR, STM32U535NEY6QTR, STM32U535RBI6, STM32U535RBI6Q, STM32U535RBT6, STM32U535RBT6Q, STM32U535RCI6, STM32U535RCI6Q, STM32U535RCT6, STM32U535RCT6Q, STM32U535REI6, STM32U535REI6Q, STM32U535RET6, STM32U535RET6Q, STM32U535VCI6, STM32U535VCI6Q, STM32U535VCT6, STM32U535VCT6Q, STM32U535VEI6, STM32U535VEI6Q, STM32U535VET6, STM32U535VET6Q, STM32U545CET6, STM32U545CET6Q, STM32U545CEU6, STM32U545CEU6Q, STM32U545JEY6QTR, STM32U545NEY6QTR, STM32U545REI6, STM32U545REI6Q, STM32U545RET6, STM32U545RET6Q, STM32U545VEI6, STM32U545VEI6Q, STM32U545VET6, STM32U545VET6Q, STM32U595AIH6, STM32U595AIH6Q, STM32U595AJH6, STM32U595AJH6Q, STM32U595QII6, STM32U595QII6Q, STM32U595QJI6, STM32U595QJI6Q, STM32U595RIT6, STM32U595RIT6Q, STM32U595RJT6, STM32U595RJT6Q, STM32U595VIT6, STM32U595VIT6Q, STM32U595VJT6, STM32U595VJT6Q, STM32U595ZIT6, STM32U595ZIT6Q, STM32U595ZIY6QTR, STM32U595ZJT6, STM32U595ZJT6Q, STM32U595ZJY6QTR, STM32U599BJY6QTR, STM32U599NIH6Q, STM32U599NJH6Q, STM32U599VIT6Q, STM32U599VJT6, STM32U599VJT6Q, STM32U599ZIT6Q, STM32U599ZIY6QTR, STM32U599ZJT6Q, STM32U599ZJY6QTR, STM32U5A5AJH6, STM32U5A5AJH6Q, STM32U5A5QII3Q , STM32U5A5QJI6, STM32U5A5QJI6Q, STM32U5A5RJT6, STM32U5A5RJT6Q, STM32U5A5VJT6, STM32U5A5VJT6Q, STM32U5A5ZJT6, STM32U5A5ZJT6Q, STM32U5A5ZJY6QTR, STM32U5A9BJY6QTR, STM32U5A9J-DK, STM32U5A9NJH6Q, STM32U5A9VJT6Q, STM32U5A9ZJT6Q, STM32U5A9ZJY6QTR, STM32U5F7VIT6, STM32U5F7VIT6Q, STM32U5F7VJT6, STM32U5F7VJT6Q, STM32U5F9BJY6QTR, STM32U5F9NJH6Q, STM32U5F9VIT6Q, STM32U5F9VJT6Q, STM32U5F9ZIJ6QTR, STM32U5F9ZIT6Q, STM32U5F9ZJJ6QTR, STM32U5F9ZJT6Q, STM32U5G7VJT6, STM32U5G7VJT6Q, STM32U5G9BJY6QTR, STM32U5G9J-DK1, STM32U5G9J-DK2, STM32U5G9NJH6Q, STM32U5G9VJT6Q, STM32U5G9ZJJ6QTR, STM32U5G9ZJT6Q, STM32WB05KZV6TR, STM32WB05KZV7TR, STM32WB05TZF6TR, STM32WB05TZF7TR, STM32WB06CCF6TR, STM32WB06CCF7TR, STM32WB06CCV6TR, STM32WB06CCV7TR, STM32WB06KCV6TR, STM32WB06KCV7TR, STM32WB07CCF6TR, STM32WB07CCF7TR, STM32WB07CCV6TR, STM32WB07CCV7TR, STM32WB07KCV6TR, STM32WB07KCV7TR, STM32WB09KEV6TR, STM32WB09KEV7TR, STM32WB09TEF6TR, STM32WB09TEF7TR, STM32WB1MMCH6, STM32WBA50KGU6, STM32WBA50KGU6TR, STM32WBA52CEU6, STM32WBA52CEU6TR, STM32WBA52CEU7, STM32WBA52CEU7TR, STM32WBA52CGU6, STM32WBA52CGU6TR, STM32WBA52CGU6U, STM32WBA52CGU7, STM32WBA52CGU7TR, STM32WBA52KEU6, STM32WBA52KEU6TR, STM32WBA52KGU6, STM32WBA52KGU6TR, STM32WBA54CEU6, STM32WBA54CEU6TR, STM32WBA54CEU7, STM32WBA54CEU7TR, STM32WBA54CGU6, STM32WBA54CGU6TR, STM32WBA54CGU7, STM32WBA54CGU7TR, STM32WBA54KEU6, STM32WBA54KEU6TR, STM32WBA54KEU7, STM32WBA54KEU7TR, STM32WBA54KGU6, STM32WBA54KGU6TR, STM32WBA54KGU7, STM32WBA54KGU7TR, STM32WBA55CEU6, STM32WBA55CEU6TR, STM32WBA55CEU7, STM32WBA55CEU7TR, STM32WBA55CGU6, STM32WBA55CGU6TR, STM32WBA55CGU6U, STM32WBA55CGU7, STM32WBA55CGU7TR, STM32WBA55G-DK1, STM32WBA55HEF6, STM32WBA55HEF7, STM32WBA55HGF6, STM32WBA55HGF7, STM32WBA55UEI6, STM32WBA55UEI6TR, STM32WBA55UEI7, STM32WBA55UEI7TR, STM32WBA55UGI6, STM32WBA55UGI6TR, STM32WBA55UGI7, STM32WBA55UGI7TR, STM32WL5MOCH6, STM32WL5MOCH6TR]
2026-05-08 14:08:47,086 [INFO] BoardInfo:889 - No configuration file found for board B-WBA5M-WPAN
2026-05-08 14:08:47,087 [INFO] DbBoards:161 - Board is not supported: B-WBA5M-WPAN
2026-05-08 14:08:47,089 [INFO] BoardInfo:889 - No configuration file found for board NUCLEO-C051C8
2026-05-08 14:08:47,089 [INFO] DbBoards:161 - Board is not supported: NUCLEO-C051C8
2026-05-08 14:08:47,091 [INFO] BoardInfo:889 - No configuration file found for board NUCLEO-C092RC
2026-05-08 14:08:47,091 [INFO] DbBoards:161 - Board is not supported: NUCLEO-C092RC
2026-05-08 14:08:47,116 [INFO] BoardInfo:889 - No configuration file found for board NUCLEO-H5E5ZJ
2026-05-08 14:08:47,116 [INFO] DbBoards:161 - Board is not supported: NUCLEO-H5E5ZJ
2026-05-08 14:08:47,136 [INFO] BoardInfo:889 - No configuration file found for board NUCLEO-N657X0-Q
2026-05-08 14:08:47,136 [INFO] DbBoards:161 - Board is not supported: NUCLEO-N657X0-Q
2026-05-08 14:08:47,138 [INFO] BoardInfo:889 - No configuration file found for board NUCLEO-U385RG-Q
2026-05-08 14:08:47,139 [INFO] DbBoards:161 - Board is not supported: NUCLEO-U385RG-Q
2026-05-08 14:08:47,139 [INFO] BoardInfo:889 - No configuration file found for board NUCLEO-U3C5ZI-Q
2026-05-08 14:08:47,139 [INFO] DbBoards:161 - Board is not supported: NUCLEO-U3C5ZI-Q
2026-05-08 14:08:47,146 [INFO] BoardInfo:889 - No configuration file found for board NUCLEO-WBA25CE1
2026-05-08 14:08:47,146 [INFO] DbBoards:161 - Board is not supported: NUCLEO-WBA25CE1
2026-05-08 14:08:47,148 [INFO] BoardInfo:889 - No configuration file found for board NUCLEO-WBA65RI
2026-05-08 14:08:47,148 [INFO] DbBoards:161 - Board is not supported: NUCLEO-WBA65RI
2026-05-08 14:08:47,149 [INFO] BoardInfo:889 - No configuration file found for board NUCLEO-WL33CC1
2026-05-08 14:08:47,149 [INFO] DbBoards:161 - Board is not supported: NUCLEO-WL33CC1
2026-05-08 14:08:47,150 [INFO] BoardInfo:889 - No configuration file found for board NUCLEO-WL33CC2
2026-05-08 14:08:47,150 [INFO] DbBoards:161 - Board is not supported: NUCLEO-WL33CC2
2026-05-08 14:08:47,151 [INFO] BoardInfo:889 - No configuration file found for board NUCLEO-WL3RKB1
2026-05-08 14:08:47,151 [INFO] DbBoards:161 - Board is not supported: NUCLEO-WL3RKB1
2026-05-08 14:08:47,151 [INFO] BoardInfo:889 - No configuration file found for board NUCLEO-WL3RKB2
2026-05-08 14:08:47,152 [INFO] DbBoards:161 - Board is not supported: NUCLEO-WL3RKB2
2026-05-08 14:08:47,155 [INFO] BoardInfo:889 - No configuration file found for board P-NUCLEO-WB55
2026-05-08 14:08:47,155 [INFO] DbBoards:161 - Kit is not supported: P-NUCLEO-WB55
2026-05-08 14:08:47,159 [INFO] BoardInfo:889 - No configuration file found for board STEVAL-BFA001V1B
2026-05-08 14:08:47,159 [INFO] DbBoards:161 - Kit is not supported: STEVAL-BFA001V1B
2026-05-08 14:08:47,167 [INFO] BoardInfo:889 - No configuration file found for board STEVAL-BFA001V2B
2026-05-08 14:08:47,167 [INFO] DbBoards:161 - Kit is not supported: STEVAL-BFA001V2B
2026-05-08 14:08:47,227 [INFO] BoardInfo:889 - No configuration file found for board STM32H5F5J-DK
2026-05-08 14:08:47,228 [INFO] DbBoards:161 - Board is not supported: STM32H5F5J-DK
2026-05-08 14:08:47,263 [INFO] BoardInfo:889 - No configuration file found for board STM32MP215F-DK
2026-05-08 14:08:47,263 [INFO] DbBoards:161 - Board is not supported: STM32MP215F-DK
2026-05-08 14:08:47,266 [INFO] BoardInfo:889 - No configuration file found for board STM32N6570-DK
2026-05-08 14:08:47,266 [INFO] DbBoards:161 - Board is not supported: STM32N6570-DK
2026-05-08 14:08:47,274 [INFO] BoardInfo:889 - No configuration file found for board STM32WBA65I-DK1
2026-05-08 14:08:47,274 [INFO] DbBoards:161 - Board is not supported: STM32WBA65I-DK1
2026-05-08 14:08:47,274 [INFO] DbBoards:168 - Found 218 boards, 198 are supported
2026-05-08 14:08:47,275 [INFO] DbBoards:169 - Found 218 boards, 25 of them is supported for  Bsp
2026-05-08 14:08:47,281 [INFO] ApiDb:423 - Load user favorites file C:\Users\trung/.stm32cubeide/favorites.boards.txt: 0 item(s)
2026-05-08 14:08:47,281 [INFO] ApiDb:427 - User favorites Boards=[]
2026-05-08 14:08:47,282 [INFO] DbBoards:198 - Set 0 / 0 favorites Boards
2026-05-08 14:08:47,294 [ERROR] TargetSelectorAdapter:267 - Unable to refresh data
2026-05-08 14:08:47,376 [INFO] McuFinderGlobals:76 - Set McuFinderConnectedMode to true
2026-05-08 14:08:47,378 [INFO] MultiScanPanel:200 - Auto-refresh data requested => check proxy status ongoing
2026-05-08 14:08:47,378 [INFO] FinderPluginLoader:95 - Searching for filters in installed packs
2026-05-08 14:08:48,409 [INFO] LoadUrlFilesThread:185 - End of LoadServerUrlFiles without Thread
2026-05-08 14:08:48,410 [INFO] DetailPanel:341 - Set advertising image to C:/Users/trung/STM32Cube/Repository/\en.prom-stm32wba2-stm32-nucleo-board-0426.png
2026-05-08 14:08:51,702 [INFO] MultiScanPanel:200 - Auto-refresh data requested => check proxy status ongoing
2026-05-08 14:08:51,770 [INFO] LoadUrlFilesThread:185 - End of LoadServerUrlFiles without Thread
2026-05-08 14:08:51,771 [INFO] DetailPanel:341 - Set advertising image to C:/Users/trung/STM32Cube/Repository/\en.prom-stm32wba2-stm32-nucleo-board-0426.png
2026-05-08 14:08:51,775 [INFO] DbBoards:642 - Loading board mini-images...
2026-05-08 14:08:53,458 [INFO] DbBoards:665 - Loaded 218 board mini-images
2026-05-08 14:09:48,357 [INFO] MainUpdater:2873 - connection check result : 10
2026-05-08 14:09:48,357 [INFO] MainUpdater:2873 - connection check result : 10
2026-05-08 14:09:48,431 [INFO] MicroXplorer:468 - Change Database Path : 
2026-05-08 14:09:48,432 [INFO] MicroXplorer:498 - Change Database Version : DB.6.0.121
2026-05-08 14:09:48,445 [ERROR] ProjectManagerView:394 - 
java.lang.NullPointerException: Cannot invoke "javax.swing.JTextField.getText()" because the return value of "java.util.List.get(int)" is null
	at com.st.microxplorer.plugins.projectmanager.gui.ProjectChoiceTab$10.caretUpdate(ProjectChoiceTab.java:2622) ~[filemanager.jar:?]
	at javax.swing.text.JTextComponent.fireCaretUpdate(JTextComponent.java:412) ~[?:?]
	at javax.swing.text.JTextComponent$MutableCaretEvent.fire(JTextComponent.java:4491) ~[?:?]
	at javax.swing.text.JTextComponent$MutableCaretEvent.stateChanged(JTextComponent.java:4513) ~[?:?]
	at javax.swing.text.DefaultCaret.fireStateChanged(DefaultCaret.java:842) ~[?:?]
	at javax.swing.text.DefaultCaret.changeCaretPosition(DefaultCaret.java:1313) ~[?:?]
	at javax.swing.text.DefaultCaret.handleSetDot(DefaultCaret.java:1212) ~[?:?]
	at javax.swing.text.DefaultCaret.setDot(DefaultCaret.java:1193) ~[?:?]
	at javax.swing.text.DefaultCaret$Handler.insertUpdate(DefaultCaret.java:1789) ~[?:?]
	at javax.swing.text.AbstractDocument.fireInsertUpdate(AbstractDocument.java:226) ~[?:?]
	at javax.swing.text.AbstractDocument.handleInsertString(AbstractDocument.java:780) ~[?:?]
	at javax.swing.text.AbstractDocument.insertString(AbstractDocument.java:739) ~[?:?]
	at javax.swing.text.PlainDocument.insertString(PlainDocument.java:131) ~[?:?]
	at javax.swing.text.AbstractDocument.replace(AbstractDocument.java:698) ~[?:?]
	at javax.swing.text.JTextComponent.setText(JTextComponent.java:1729) ~[?:?]
	at com.st.microxplorer.plugins.projectmanager.gui.ProjectChoiceTab.createHeapStackFields(ProjectChoiceTab.java:972) ~[filemanager.jar:?]
	at com.st.microxplorer.plugins.projectmanager.gui.ProjectChoiceTab.buildLinkSettingsPanel(ProjectChoiceTab.java:3597) ~[filemanager.jar:?]
	at com.st.microxplorer.plugins.projectmanager.gui.ProjectChoiceTab.defineWindowsFields(ProjectChoiceTab.java:1940) ~[filemanager.jar:?]
	at com.st.microxplorer.plugins.projectmanager.gui.ProjectChoiceTab.updateSettings(ProjectChoiceTab.java:550) ~[filemanager.jar:?]
	at com.st.microxplorer.plugins.projectmanager.gui.ProjectSettingsPanel.UpdateDialog(ProjectSettingsPanel.java:245) ~[filemanager.jar:?]
	at com.st.microxplorer.plugins.projectmanager.ProjectManagerView.propertyChange(ProjectManagerView.java:391) ~[filemanager.jar:?]
	at java.beans.PropertyChangeSupport.fire(PropertyChangeSupport.java:343) ~[?:?]
	at java.beans.PropertyChangeSupport.firePropertyChange(PropertyChangeSupport.java:335) ~[?:?]
	at java.beans.PropertyChangeSupport.firePropertyChange(PropertyChangeSupport.java:268) ~[?:?]
	at com.st.microxplorer.util.MXPropertyChangeSupport.firePropertyChange(MXPropertyChangeSupport.java:54) ~[STM32CubeMX.jar:?]
	at com.st.microxplorer.mxsystem.MxSystem.closeConfig(MxSystem.java:900) ~[STM32CubeMX.jar:?]
	at com.st.microxplorer.maingui.MainPanel.closeConfig(MainPanel.java:781) ~[STM32CubeMX.jar:?]
	at com.st.microxplorer.plugins.filemanager.engine.OpenFileManager.loadConfigurationFile(OpenFileManager.java:265) ~[filemanager.jar:?]
	at com.st.microxplorer.plugins.filemanager.engine.MainFileManager.userLoadConfig(MainFileManager.java:352) ~[filemanager.jar:?]
	at com.st.microxplorer.plugins.filemanager.FileManagerView.getSpecificTask(FileManagerView.java:250) ~[filemanager.jar:?]
	at com.st.stm32cube.common.mx.editor.CubeMxEditor.getMxTabbedPaneInstance(CubeMxEditor.java:1191) ~[com.st.stm32cube.common.mx_6.12.1.202409122256/:?]
	at com.st.stm32cube.common.mx.editor.CubeMxEditor$12$1.createSwingComponent(CubeMxEditor.java:1068) ~[com.st.stm32cube.common.mx_6.12.1.202409122256/:?]
	at com.st.stm32cube.common.mx.oss.core.awtswtbridge.EmbeddedSwingComposite.doComponentCreation(EmbeddedSwingComposite.java:492) ~[com.st.stm32cube.common.mx.oss_6.12.1.202409122256/:?]
	at com.st.stm32cube.common.mx.oss.core.awtswtbridge.EmbeddedSwingComposite$4.run(EmbeddedSwingComposite.java:291) ~[com.st.stm32cube.common.mx.oss_6.12.1.202409122256/:?]
	at com.st.stm32cube.common.mx.oss.core.awtswtbridge.AwtEnvironment$2.run(AwtEnvironment.java:166) ~[com.st.stm32cube.common.mx.oss_6.12.1.202409122256/:?]
	at java.awt.event.InvocationEvent.dispatch(InvocationEvent.java:318) ~[?:?]
	at java.awt.EventQueue.dispatchEventImpl(EventQueue.java:773) ~[?:?]
	at java.awt.EventQueue$4.run(EventQueue.java:720) ~[?:?]
	at java.awt.EventQueue$4.run(EventQueue.java:714) ~[?:?]
	at java.security.AccessController.doPrivileged(AccessController.java:399) ~[?:?]
	at java.security.ProtectionDomain$JavaSecurityAccessImpl.doIntersectionPrivilege(ProtectionDomain.java:86) ~[?:?]
	at java.awt.EventQueue.dispatchEvent(EventQueue.java:742) ~[?:?]
	at java.awt.EventDispatchThread.pumpOneEventForFilters(EventDispatchThread.java:203) ~[?:?]
	at java.awt.EventDispatchThread.pumpEventsForFilter(EventDispatchThread.java:124) ~[?:?]
	at java.awt.EventDispatchThread.pumpEventsForHierarchy(EventDispatchThread.java:113) ~[?:?]
	at java.awt.EventDispatchThread.pumpEvents(EventDispatchThread.java:109) ~[?:?]
	at java.awt.EventDispatchThread.pumpEvents(EventDispatchThread.java:101) ~[?:?]
	at java.awt.EventDispatchThread.run(EventDispatchThread.java:90) ~[?:?]
2026-05-08 14:09:48,446 [WARN] ThirdParty:871 - waiting for thirdparty lock release [close project]
2026-05-08 14:09:48,446 [INFO] ThirdParty:873 - entering critical section [close project]
2026-05-08 14:09:48,448 [INFO] ThirdParty:883 - exiting critical section [close project]
2026-05-08 14:09:48,449 [INFO] PinOutPanel:1561 - setPackage(No Configuration,No Configuration)
2026-05-08 14:09:48,457 [WARN] IpParametersView:151 - Warning: This peripheral hasn't parameters
2026-05-08 14:09:48,462 [WARN] MainPanel:284 - <html><b><center>Warning: This peripheral has no parameters to be configured<br></b></html>
2026-05-08 14:09:48,465 [INFO] UtilMem:75 - Begin LoadConfig() Used Memory: 1062431008 Bytes (1073741824)
2026-05-08 14:09:48,466 [INFO] OpenFileManager:332 - Change cursor
2026-05-08 14:09:48,475 [INFO] ProjectFactory:442 - No CPN specified for board NUCLEO-F401RE => set CPN to STM32F401RET6
2026-05-08 14:09:48,476 [INFO] Mcu:2032 - Initializing MCU STM32F401R(D-E)Tx STM32F401RETx STM32F401RET6
2026-05-08 14:09:49,335 [INFO] Context:742 - Trying to add GPIOservice into a context  which must be forbidden
2026-05-08 14:09:49,480 [INFO] Rule:228 - rule 117617 - U5Cobra4M][GTZC] default value MPCBB3 and MPCBB5 - Not Secured memory - MPCBB1 is applicable
2026-05-08 14:09:49,480 [INFO] Rule:228 - rule 117617 - U5Cobra4M][GTZC] default value MPCBB3 and MPCBB5 - Not Secured memory - MPCBB1 is applicable
2026-05-08 14:09:49,480 [INFO] Rule:228 - rule 117617 - U5Cobra4M][GTZC] default value MPCBB3 and MPCBB5 - Not Secured memory - MPCBB2 is applicable
2026-05-08 14:09:49,480 [INFO] Rule:228 - rule 117617 - U5Cobra4M][GTZC] default value MPCBB3 and MPCBB5 - Not Secured memory - MPCBB2 is applicable
2026-05-08 14:09:49,480 [INFO] Rule:228 - rule 117617 - U5Cobra4M][GTZC] default value MPCBB3 and MPCBB5 - Not Secured memory - MPCBB3 is applicable
2026-05-08 14:09:49,480 [INFO] Rule:228 - rule 117617 - U5Cobra4M][GTZC] default value MPCBB3 and MPCBB5 - Not Secured memory - MPCBB3 is applicable
2026-05-08 14:09:49,480 [INFO] Rule:228 - rule 117617 - U5Cobra4M][GTZC] default value MPCBB3 and MPCBB5 - Not Secured memory - MPCBB4 is applicable
2026-05-08 14:09:49,480 [INFO] Rule:228 - rule 117617 - U5Cobra4M][GTZC] default value MPCBB3 and MPCBB5 - Not Secured memory - MPCBB4 is applicable
2026-05-08 14:09:49,480 [INFO] Rule:228 - rule 117617 - U5Cobra4M][GTZC] default value MPCBB3 and MPCBB5 - Secured memory - MPCBB1 is applicable
2026-05-08 14:09:49,480 [INFO] Rule:228 - rule 117617 - U5Cobra4M][GTZC] default value MPCBB3 and MPCBB5 - Secured memory - MPCBB2 is applicable
2026-05-08 14:09:49,480 [INFO] Rule:228 - rule 117617 - U5Cobra4M][GTZC] default value MPCBB3 and MPCBB5 - Secured memory - MPCBB3 is applicable
2026-05-08 14:09:49,480 [INFO] Rule:228 - rule 117617 - U5Cobra4M][GTZC] default value MPCBB3 and MPCBB5 - Secured memory - MPCBB4 is applicable
2026-05-08 14:09:49,480 [INFO] Rule:228 - rule 117617 - U5Cobra4M][GTZC] default value MPCBB3 and MPCBB5 - Privileged memory - MPCBB1 is applicable
2026-05-08 14:09:49,480 [INFO] Rule:228 - rule 117617 - U5Cobra4M][GTZC] default value MPCBB3 and MPCBB5 - Privileged memory - MPCBB2 is applicable
2026-05-08 14:09:49,480 [INFO] Rule:228 - rule 117617 - U5Cobra4M][GTZC] default value MPCBB3 and MPCBB5 - Privileged memory - MPCBB3 is applicable
2026-05-08 14:09:49,480 [INFO] Rule:228 - rule 117617 - U5Cobra4M][GTZC] default value MPCBB3 and MPCBB5 - Privileged memory - MPCBB4 is applicable
2026-05-08 14:09:49,480 [INFO] Rule:228 - rule 117617 - U5Cobra4M][GTZC] default value MPCBB3 and MPCBB5 - Not Privileged memory - MPCBB1 is applicable
2026-05-08 14:09:49,480 [INFO] Rule:228 - rule 117617 - U5Cobra4M][GTZC] default value MPCBB3 and MPCBB5 - Not Privileged memory - MPCBB2 is applicable
2026-05-08 14:09:49,480 [INFO] Rule:228 - rule 117617 - U5Cobra4M][GTZC] default value MPCBB3 and MPCBB5 - Not Privileged memory - MPCBB3 is applicable
2026-05-08 14:09:49,480 [INFO] Rule:228 - rule 117617 - U5Cobra4M][GTZC] default value MPCBB3 and MPCBB5 - Not Privileged memory - MPCBB4 is applicable
2026-05-08 14:09:49,480 [INFO] Rule:228 - rule 117617 - U5Cobra4M][GTZC] default value MPCBB3 and MPCBB5 - Privileged memory - MPCBB1 is applicable
2026-05-08 14:09:49,480 [INFO] Rule:228 - rule 117617 - U5Cobra4M][GTZC] default value MPCBB3 and MPCBB5 - Privileged memory - MPCBB2 is applicable
2026-05-08 14:09:49,480 [INFO] Rule:228 - rule 117617 - U5Cobra4M][GTZC] default value MPCBB3 and MPCBB5 - Privileged memory - MPCBB3 is applicable
2026-05-08 14:09:49,480 [INFO] Rule:228 - rule 117617 - U5Cobra4M][GTZC] default value MPCBB3 and MPCBB5 - Privileged memory - MPCBB4 is applicable
2026-05-08 14:09:49,480 [INFO] Rule:228 - rule 117617 - U5Cobra4M][GTZC] default value MPCBB3 and MPCBB5 - Privileged memory - MPCBB1 is applicable
2026-05-08 14:09:49,480 [INFO] Rule:228 - rule 117617 - U5Cobra4M][GTZC] default value MPCBB3 and MPCBB5 - Privileged memory - MPCBB2 is applicable
2026-05-08 14:09:49,480 [INFO] Rule:228 - rule 117617 - U5Cobra4M][GTZC] default value MPCBB3 and MPCBB5 - Privileged memory - MPCBB3 is applicable
2026-05-08 14:09:49,480 [INFO] Rule:228 - rule 117617 - U5Cobra4M][GTZC] default value MPCBB3 and MPCBB5 - Privileged memory - MPCBB4 is applicable
2026-05-08 14:09:49,480 [INFO] Rule:228 - rule 117617 - U5Cobra4M][GTZC] default value MPCBB3 and MPCBB5 - Not Privileged memory - MPCBB1 is applicable
2026-05-08 14:09:49,480 [INFO] Rule:228 - rule 117617 - U5Cobra4M][GTZC] default value MPCBB3 and MPCBB5 - Not Privileged memory - MPCBB2 is applicable
2026-05-08 14:09:49,480 [INFO] Rule:228 - rule 117617 - U5Cobra4M][GTZC] default value MPCBB3 and MPCBB5 - Not Privileged memory - MPCBB3 is applicable
2026-05-08 14:09:49,480 [INFO] Rule:228 - rule 117617 - U5Cobra4M][GTZC] default value MPCBB3 and MPCBB5 - Not Privileged memory - MPCBB4 is applicable
2026-05-08 14:09:49,480 [INFO] Rule:228 - rule 117617 - U5Cobra4M][GTZC] default value MPCBB3 and MPCBB5 - Privileged memory - MPCBB1 is applicable
2026-05-08 14:09:49,480 [INFO] Rule:228 - rule 117617 - U5Cobra4M][GTZC] default value MPCBB3 and MPCBB5 - Privileged memory - MPCBB2 is applicable
2026-05-08 14:09:49,480 [INFO] Rule:228 - rule 117617 - U5Cobra4M][GTZC] default value MPCBB3 and MPCBB5 - Privileged memory - MPCBB3 is applicable
2026-05-08 14:09:49,480 [INFO] Rule:228 - rule 117617 - U5Cobra4M][GTZC] default value MPCBB3 and MPCBB5 - Privileged memory - MPCBB4 is applicable
2026-05-08 14:09:49,480 [INFO] Rule:228 - rule Rename SubGHz_Phy SUBGHZ_APPLICATION SUBGHZ_PINGPONG to SUBGHZ_ADV_APPLICATION is applicable
2026-05-08 14:09:49,480 [INFO] Rule:228 - rule Rename Enabled to IBEACON is applicable
2026-05-08 14:09:49,480 [INFO] Rule:228 - rule GTZC_S instance for project manager is applicable
2026-05-08 14:09:49,480 [INFO] Rule:228 - rule GTZC_S instance for context M33S is applicable
2026-05-08 14:09:49,480 [INFO] Rule:228 - rule GTZC_S instance value for IP GTZC is applicable
2026-05-08 14:09:49,480 [INFO] Rule:228 - rule GTZC_S instance for mcu.IP is applicable
2026-05-08 14:09:49,480 [INFO] Rule:228 - rule GTZC_S instance for VP is applicable
2026-05-08 14:09:49,480 [INFO] Rule:228 - rule GTZC_S instance for signal is applicable
2026-05-08 14:09:49,480 [INFO] Rule:228 - rule GTZC_S instance for mcu.Pin is applicable
2026-05-08 14:09:49,480 [INFO] Rule:228 - rule GTZC_S instance for VP is applicable
2026-05-08 14:09:49,480 [INFO] Rule:228 - rule GTZC_S instance for signal is applicable
2026-05-08 14:09:49,480 [INFO] Rule:228 - rule GTZC_S instance for mcu is applicable
2026-05-08 14:09:49,480 [INFO] Rule:228 - rule GTZC_S instance for mcu.Pin is applicable
2026-05-08 14:09:49,480 [INFO] Rule:228 - rule GTZC_S instance value for IP GTZC is applicable
2026-05-08 14:09:49,480 [INFO] Rule:228 - rule GTZC_S instance for project manager is applicable
2026-05-08 14:09:49,480 [INFO] Rule:228 - rule GTZC_S instance for context M33S is applicable
2026-05-08 14:09:49,480 [INFO] Rule:228 - rule GTZC_S instance for VP is applicable
2026-05-08 14:09:49,480 [INFO] Rule:228 - rule GTZC_S instance for signal is applicable
2026-05-08 14:09:49,481 [INFO] Rule:228 - rule SPDIFRX instance for mcu is applicable
2026-05-08 14:09:49,481 [INFO] Rule:228 - rule Rename Tracer Mode is applicable
2026-05-08 14:09:49,481 [INFO] Rule:228 - rule SPDIFRX instance value for IP SPDIFRX is applicable
2026-05-08 14:09:49,481 [INFO] Rule:228 - rule SPDIFRX instance for signal is applicable
2026-05-08 14:09:49,481 [INFO] Rule:228 - rule SPDIFRX instance for project manager is applicable
2026-05-08 14:09:49,481 [INFO] Rule:228 - rule SPDIFRX instance for project manager is applicable
2026-05-08 14:09:49,481 [INFO] Rule:228 - rule ADC Scan  fix with FW F7 is applicable
2026-05-08 14:09:49,481 [INFO] Rule:228 - rule ADC Scan  fix with FW F7 is applicable
2026-05-08 14:09:49,481 [INFO] Rule:228 - rule DFSDM instance value for IP DFSDM is applicable
2026-05-08 14:09:49,481 [INFO] Rule:228 - rule DFSDM instance for mcu is applicable
2026-05-08 14:09:49,481 [INFO] Rule:228 - rule DFSDM instance for VP is applicable
2026-05-08 14:09:49,481 [INFO] Rule:228 - rule DFSDM instance for signal is applicable
2026-05-08 14:09:49,481 [INFO] Rule:228 - rule DFSDM instance for shared is applicable
2026-05-08 14:09:49,481 [INFO] Rule:228 - rule BreakInputSource parameter for IP Timer is applicable
2026-05-08 14:09:49,481 [INFO] Rule:228 - rule Sourcebreak parameter for IP Timer is applicable
2026-05-08 14:09:49,481 [INFO] Rule:228 - rule Sourcebreak parameter for IP Timer is applicable
2026-05-08 14:09:49,481 [INFO] Rule:228 - rule DFSDM for PCC is applicable
2026-05-08 14:09:49,481 [INFO] Rule:228 - rule Serial_Wire Mode is applicable
2026-05-08 14:09:49,481 [INFO] Rule:228 - rule JTAG_4_pins Mode is applicable
2026-05-08 14:09:49,481 [INFO] Rule:228 - rule JTAG_5_pins Mode is applicable
2026-05-08 14:09:49,481 [INFO] Rule:228 - rule Trace_Asynchronous_SW Mode is applicable
2026-05-08 14:09:49,481 [INFO] Rule:228 - rule Trace_Synchro_1bit_JTAG Mode is applicable
2026-05-08 14:09:49,481 [INFO] Rule:228 - rule Trace_Synchro_2bits_JTAG Mode is applicable
2026-05-08 14:09:49,481 [INFO] Rule:228 - rule Trace_Synchro_4bits_JTAG Mode is applicable
2026-05-08 14:09:49,481 [INFO] Rule:228 - rule Trace_Synchro_1bit_SW Mode is applicable
2026-05-08 14:09:49,481 [INFO] Rule:228 - rule Trace_Synchro_2bits_SW Mode is applicable
2026-05-08 14:09:49,481 [INFO] Rule:228 - rule Trace_Synchro_4bits_SW Mode is applicable
2026-05-08 14:09:49,481 [INFO] Rule:228 - rule SYS_WakeUp0 Mode is applicable
2026-05-08 14:09:49,481 [INFO] Rule:228 - rule SYS_WakeUp0 Mode for STM32F446 is applicable
2026-05-08 14:09:49,481 [INFO] Rule:228 - rule SYS_WakeUp1 Mode is applicable
2026-05-08 14:09:49,481 [INFO] Rule:228 - rule SYS_WakeUp1 Mode for STM32F446 is applicable
2026-05-08 14:09:49,481 [INFO] Rule:228 - rule SYS_WakeUp2 Mode is applicable
2026-05-08 14:09:49,481 [INFO] Rule:228 - rule SYS_WakeUp3 Mode is applicable
2026-05-08 14:09:49,481 [INFO] Rule:228 - rule SYS_WakeUp4 Mode is applicable
2026-05-08 14:09:49,481 [INFO] Rule:228 - rule SYS_WakeUp5 Mode is applicable
2026-05-08 14:09:49,481 [INFO] Rule:228 - rule SYS_WakeUp6 Mode is applicable
2026-05-08 14:09:49,481 [INFO] Rule:228 - rule SYS_WakeUp7 Mode is applicable
2026-05-08 14:09:49,481 [INFO] Rule:228 - rule WakeUp0 Mode is applicable
2026-05-08 14:09:49,481 [INFO] Rule:228 - rule WakeUp0 SIGNAL is applicable
2026-05-08 14:09:49,481 [INFO] Rule:228 - rule WakeUp1 Mode is applicable
2026-05-08 14:09:49,481 [INFO] Rule:228 - rule WakeUp1 SIGNAL is applicable
2026-05-08 14:09:49,481 [INFO] Rule:228 - rule WakeUp2 Mode is applicable
2026-05-08 14:09:49,481 [INFO] Rule:228 - rule WakeUp2 SIGNAL is applicable
2026-05-08 14:09:49,481 [INFO] Rule:228 - rule WakeUp4 Mode is applicable
2026-05-08 14:09:49,481 [INFO] Rule:228 - rule WakeUp4 SIGNAL is applicable
2026-05-08 14:09:49,481 [INFO] Rule:228 - rule WakeUp5 Mode is applicable
2026-05-08 14:09:49,481 [INFO] Rule:228 - rule WakeUp5 SIGNAL is applicable
2026-05-08 14:09:49,481 [INFO] Rule:228 - rule Mode_PVD_Ext is applicable
2026-05-08 14:09:49,481 [INFO] Rule:228 - rule Mode_PVD_Int is applicable
2026-05-08 14:09:49,481 [INFO] Rule:228 - rule Add RTC Activate Clock Source is applicable
2026-05-08 14:09:49,481 [INFO] Rule:228 - rule Add RTC Activate Calendar 1 is applicable
2026-05-08 14:09:49,481 [INFO] Rule:228 - rule Add RTC Activate Calendar 2 is applicable
2026-05-08 14:09:49,481 [INFO] Rule:228 - rule Add RTC Activate Calendar 3 is applicable
2026-05-08 14:09:49,481 [INFO] Rule:228 - rule UART/USART TX Mode is applicable
2026-05-08 14:09:49,481 [INFO] Rule:228 - rule UART/USART RX Mode is applicable
2026-05-08 14:09:49,481 [INFO] Rule:228 - rule UART/USART RX TX Mode is applicable
2026-05-08 14:09:49,481 [INFO] Rule:228 - rule UART/USART PARITY NONE is applicable
2026-05-08 14:09:49,481 [INFO] Rule:228 - rule UART/USART PARITY EVEN is applicable
2026-05-08 14:09:49,481 [INFO] Rule:228 - rule UART/USART PARITY ODD is applicable
2026-05-08 14:09:49,481 [INFO] Rule:228 - rule USART StopBits 1 is applicable
2026-05-08 14:09:49,481 [INFO] Rule:228 - rule USART StopBits 2 is applicable
2026-05-08 14:09:49,481 [INFO] Rule:228 - rule USART StopBits 1.5 is applicable
2026-05-08 14:09:49,481 [INFO] Rule:228 - rule USART StopBits 0.5 is applicable
2026-05-08 14:09:49,481 [INFO] Rule:228 - rule UART/USART WORD LENGTH 7 is applicable
2026-05-08 14:09:49,481 [INFO] Rule:228 - rule UART/USART WORD LENGTH 8 is applicable
2026-05-08 14:09:49,481 [INFO] Rule:228 - rule UART/USART WORD LENGTH 9 is applicable
2026-05-08 14:09:49,481 [INFO] Rule:228 - rule Rename FMC NAND NCE signal is applicable
2026-05-08 14:09:49,481 [INFO] Rule:228 - rule Rename FMC NAND INT signal is applicable
2026-05-08 14:09:49,481 [INFO] Rule:228 - rule Change Default Value for LSE Drive Capability for WB family is applicable
2026-05-08 14:09:49,481 [INFO] Rule:228 - rule Change Default Value for ADC Clock Prescaler G0 family is applicable
2026-05-08 14:09:49,481 [INFO] Rule:228 - rule Change Default Value for ADC ExternalTrigConv L4 family is applicable
2026-05-08 14:09:49,481 [INFO] Rule:228 - rule Change Default Value for ADC ExternalTrigInjecConv L4 family is applicable
2026-05-08 14:09:49,481 [INFO] Rule:228 - rule Change Default Value for ADC ExternalTrigConv F3 family is applicable
2026-05-08 14:09:49,481 [INFO] Rule:228 - rule Change Default Value for ADC ExternalTrigInjecConv F3 family is applicable
2026-05-08 14:09:49,481 [INFO] Rule:228 - rule Change Default Value for ADC ExternalTrigConv Goldfish serie is applicable
2026-05-08 14:09:49,481 [INFO] Rule:228 - rule Change Default Value for ADC ExternalTrigInjecConv Goldfish serie is applicable
2026-05-08 14:09:49,481 [INFO] Rule:228 - rule Change Default Value for ADC ExternalTrigConv L0 family is applicable
2026-05-08 14:09:49,481 [INFO] Rule:228 - rule Change Default Value for ADC ExternalTrigConv F0 family is applicable
2026-05-08 14:09:49,481 [INFO] Rule:228 - rule Change Default Value for ADC ExternalTrigConvn L1 family is applicable
2026-05-08 14:09:49,481 [INFO] Rule:228 - rule Change Default Value for ADC ExternalTrigInjecConv L1 family is applicable
2026-05-08 14:09:49,481 [INFO] Rule:228 - rule Change Default Value for ADC ExternalTrigConv F1 family is applicable
2026-05-08 14:09:49,481 [INFO] Rule:228 - rule Change Default Value for ADC ExternalTrigInjecConv F1 family is applicable
2026-05-08 14:09:49,481 [INFO] Rule:228 - rule Change Default Value for ADC ExternalTrigConv F7 family is applicable
2026-05-08 14:09:49,481 [INFO] Rule:228 - rule Change Default Value for ADC ExternalTrigInjecConv F7 family is applicable
2026-05-08 14:09:49,481 [INFO] Rule:228 - rule Change Default Value for ADC ExternalTrigConv F4 and F2 family is applicable
2026-05-08 14:09:49,481 [INFO] Rule:228 - rule Change Default Value for ADC ExternalTrigInjecConv F4 and F2 family is applicable
2026-05-08 14:09:49,481 [INFO] Rule:228 - rule ADC SamplingTime fix with FW L0  is applicable
2026-05-08 14:09:49,482 [INFO] Rule:228 - rule ADC SamplingTime fix with FW L0  is applicable
2026-05-08 14:09:49,482 [INFO] Rule:228 - rule ADC SamplingTime fix with FW L0 is applicable
2026-05-08 14:09:49,482 [INFO] Rule:228 - rule ADC SamplingTime fix with FW L0 is applicable
2026-05-08 14:09:49,482 [INFO] Rule:228 - rule ADC SamplingTime fix with FW L0  is applicable
2026-05-08 14:09:49,482 [INFO] Rule:228 - rule ADC SamplingTime fix with FW L0 is applicable
2026-05-08 14:09:49,482 [INFO] Rule:228 - rule Rename USB_OE Signal is applicable
2026-05-08 14:09:49,482 [INFO] Rule:228 - rule Rename Activate_OE Mode is applicable
2026-05-08 14:09:49,482 [INFO] Rule:228 - rule Rename DIE462/DIE415 pin PC14/OSC32_IN -> PC14-OSC32_IN (PC14) is applicable
2026-05-08 14:09:49,482 [INFO] Rule:228 - rule Rename DIE462/DIE415 pin PC15/OSC32_OUT -> PC15-OSC32_OUT (PC15) is applicable
2026-05-08 14:09:49,482 [INFO] Rule:228 - rule Rename DIE462/DIE415 pin PH0/OSC_IN -> PH0-OSC_IN (PH0) is applicable
2026-05-08 14:09:49,482 [INFO] Rule:228 - rule Rename DIE462/DIE415 pin PH1/OSC_OUT -> PH1-OSC_OUT (PH1) is applicable
2026-05-08 14:09:49,482 [INFO] Rule:228 - rule Rename DIE462 pin PA13 -> PA13 (JTMS/SWDIO) is applicable
2026-05-08 14:09:49,482 [INFO] Rule:228 - rule Rename DIE415 pin PA13 -> PA13 (JTMS/SWDIO) is applicable
2026-05-08 14:09:49,482 [INFO] Rule:228 - rule Rename DIE462 pin PA14 -> PA14 (JTCK/SWCLK) is applicable
2026-05-08 14:09:49,482 [INFO] Rule:228 - rule Rename DIE415 pin PA14 -> PA14 (JTCK/SWCLK) is applicable
2026-05-08 14:09:49,482 [INFO] Rule:228 - rule Rename DIE462/DIE415 pin PA15 -> PA15 (JTDI) is applicable
2026-05-08 14:09:49,482 [INFO] Rule:228 - rule Rename DIE462 pin PB3 -> PB3 (JTD0/TRACESWO) is applicable
2026-05-08 14:09:49,482 [INFO] Rule:228 - rule Rename DIE415 pin PB3 -> PB3 (JTD0-TRACESWO) is applicable
2026-05-08 14:09:49,482 [INFO] Rule:228 - rule Rename DIE462/DIE415 pin PB4 -> PB4 (NJTRST) is applicable
2026-05-08 14:09:49,482 [INFO] Rule:228 - rule Rename DIE462 pin PH3/BOOT0 -> PH3-BOOT0 (BOOT0) is applicable
2026-05-08 14:09:49,482 [INFO] Rule:228 - rule Rename CRYP DataEncryptionTypesList to Algorithm is applicable
2026-05-08 14:09:49,482 [INFO] Rule:228 - rule Rename AES DataEncryptionTypesList to Algorithm is applicable
2026-05-08 14:09:49,482 [INFO] Rule:228 - rule Rename TDESECB to CRYP_TDES_ECB is applicable
2026-05-08 14:09:49,482 [INFO] Rule:228 - rule Rename TDESCBC to CRYP_TDES_CBC is applicable
2026-05-08 14:09:49,482 [INFO] Rule:228 - rule Rename DESECB to CRYP_DES_ECB is applicable
2026-05-08 14:09:49,482 [INFO] Rule:228 - rule Rename DESCBC to CRYP_DES_CBC is applicable
2026-05-08 14:09:49,482 [INFO] Rule:228 - rule Rename AESECB to CRYP_AES_ECB is applicable
2026-05-08 14:09:49,482 [INFO] Rule:228 - rule Rename AESCBC to CRYP_AES_CBC is applicable
2026-05-08 14:09:49,482 [INFO] Rule:228 - rule Rename AESCTR to CRYP_AES_CTR is applicable
2026-05-08 14:09:49,482 [INFO] Rule:228 - rule Rename AESGCM to CRYP_AES_GCM is applicable
2026-05-08 14:09:49,482 [INFO] Rule:228 - rule Rename AESCCM to CRYP_AES_CCM is applicable
2026-05-08 14:09:49,482 [INFO] Rule:228 - rule Rename CAN TimeSeg1 to BS1 is applicable
2026-05-08 14:09:49,482 [INFO] Rule:228 - rule Rename CAN TimeSeg2 to BS2 is applicable
2026-05-08 14:09:49,482 [INFO] Rule:228 - rule Rename CAN SyncJumpWidth to SJW is applicable
2026-05-08 14:09:49,482 [INFO] Rule:228 - rule TimeTriggeredMode to TTCM is applicable
2026-05-08 14:09:49,482 [INFO] Rule:228 - rule Rename CAN AutoBusOff to ABOM is applicable
2026-05-08 14:09:49,482 [INFO] Rule:228 - rule Rename CAN AutoWakeUp to AWUM is applicable
2026-05-08 14:09:49,482 [INFO] Rule:228 - rule Rename CAN AutoRetransmission to NART is applicable
2026-05-08 14:09:49,482 [INFO] Rule:228 - rule Rename CAN ReceiveFifoLocked to RFLM is applicable
2026-05-08 14:09:49,482 [INFO] Rule:228 - rule Rename CAN TransmitFifoPriority to TXFP is applicable
2026-05-08 14:09:49,482 [INFO] Rule:228 - rule Rename HRTIMER HRTIM_OUTPUTFAULTLEVEL_HIGH in HRTIMER HRTIM_OUTPUTFAULTLEVEL_HIGHZ is applicable
2026-05-08 14:09:49,482 [INFO] Rule:228 - rule Rename TIMER TIM_CLEARINPUTSOURCE_OCREFCLR in  TIMER TIM_CLEARINPUTSOURCE_NONE for F7 family is applicable
2026-05-08 14:09:49,482 [INFO] Rule:228 - rule FDCAN_R1 - Rename FDCAN mode Master into Classic is applicable
2026-05-08 14:09:49,482 [INFO] Rule:228 - rule FDCAN_R2 - Rename FDCAN mode Slave into Classic is applicable
2026-05-08 14:09:49,482 [INFO] Rule:228 - rule FDCAN1_R3 - if PA10.Mode=FullDuplex, add Pin PA12 is applicable
2026-05-08 14:09:49,482 [INFO] Rule:228 - rule FDCAN1_R3 - if PA9.Mode=FullDuplex, add Pin PA11 is applicable
2026-05-08 14:09:49,482 [INFO] Rule:228 - rule FDCAN1_R3 - Alternatepin_1 - if PE1.Mode=FullDuplex, add Pin PB9 is applicable
2026-05-08 14:09:49,482 [INFO] Rule:228 - rule FDCAN1_R3 - Alternatepin_1 - if PE0.Mode=FullDuplex, add Pin PB8 is applicable
2026-05-08 14:09:49,482 [INFO] Rule:228 - rule FDCAN1_R3 - Alternatepin_2 - if PD5.Mode=FullDuplex, add Pin PD1 is applicable
2026-05-08 14:09:49,482 [INFO] Rule:228 - rule FDCAN1_R3 - Alternatepin_2 - if PD4.Mode=FullDuplex, add Pin PD0 is applicable
2026-05-08 14:09:49,482 [INFO] Rule:228 - rule FDCAN1_R4 - Rename Mode FullDuplex into Enable FDCAN_TXFD for pin PA10 is applicable
2026-05-08 14:09:49,482 [INFO] Rule:228 - rule FDCAN1_R4 - Rename Mode FullDuplex into Enable FDCAN_TXFD for pin PA9 is applicable
2026-05-08 14:09:49,483 [INFO] Rule:228 - rule FDCAN1_R4 - Alternatepin_1 - Rename Mode FullDuplex into Enable FDCAN_TXFD for pin PE1 is applicable
2026-05-08 14:09:49,483 [INFO] Rule:228 - rule FDCAN1_R4 - Alternatepin_1 - Rename Mode FullDuplex into Enable FDCAN_TXFD for pin PE0 is applicable
2026-05-08 14:09:49,483 [INFO] Rule:228 - rule FDCAN1_R4 - Alternatepin_2 - Rename Mode FullDuplex into Enable FDCAN_TXFD for pin PD5 is applicable
2026-05-08 14:09:49,483 [INFO] Rule:228 - rule FDCAN1_R4 - Alternatepin_2 - Rename Mode FullDuplex into Enable FDCAN_TXFD for pin PD4 is applicable
2026-05-08 14:09:49,483 [INFO] Rule:228 - rule FDCAN2_R3 - if PD10.Mode=FullDuplex, add Pin PB13 is applicable
2026-05-08 14:09:49,483 [INFO] Rule:228 - rule FDCAN2_R3 - if PD9.Mode=FullDuplex, add Pin PB12 is applicable
2026-05-08 14:09:49,483 [INFO] Rule:228 - rule FDCAN2_R3 - Alternatepin_1 - if PB7.Mode=FullDuplex, add Pin PB6 is applicable
2026-05-08 14:09:49,483 [INFO] Rule:228 - rule FDCAN2_R3 - Alternatepin_1 - if PD9.Mode=FullDuplex, add Pin PB12 is applicable
2026-05-08 14:09:49,483 [INFO] Rule:228 - rule FDCAN2_R4 - Rename Mode FullDuplex into Enable FDCAN_TXFD for pin PD10 is applicable
2026-05-08 14:09:49,483 [INFO] Rule:228 - rule FDCAN2_R4 - Rename Mode FullDuplex into Enable FDCAN_TXFD for pin PD9 is applicable
2026-05-08 14:09:49,483 [INFO] Rule:228 - rule FDCAN2_R4 - Alternatepin_1 - Rename Mode FullDuplex into Enable FDCAN_TXFD for pin PB7 is applicable
2026-05-08 14:09:49,483 [INFO] Rule:228 - rule FDCAN2_R4 - Alternatepin_1 - Rename Mode FullDuplex into Enable FDCAN_TXFD for pin PD6 is applicable
2026-05-08 14:09:49,483 [INFO] Rule:228 - rule USART TxPinLevelInvertParam Mode is applicable
2026-05-08 14:09:49,483 [INFO] Rule:228 - rule USART RxPinLevelInvertParam Mode is applicable
2026-05-08 14:09:49,483 [INFO] Rule:228 - rule USART DataInvertParam Mode is applicable
2026-05-08 14:09:49,483 [INFO] Rule:228 - rule USART SwapParam Mode is applicable
2026-05-08 14:09:49,483 [INFO] Rule:228 - rule USART OverrunDisableParam Mode is applicable
2026-05-08 14:09:49,483 [INFO] Rule:228 - rule USART DMADisableonRxErrorParam Mode is applicable
2026-05-08 14:09:49,483 [INFO] Rule:228 - rule USART MSBFirstParam Mode is applicable
2026-05-08 14:09:49,483 [INFO] Rule:228 - rule Update MwName for USB_DEVICE is applicable
2026-05-08 14:09:49,483 [INFO] Rule:228 - rule Change PWR_Regulator_Voltage_Scale Default Value for RCC  H7 family is applicable
2026-05-08 14:09:49,483 [INFO] Rule:228 - rule UART/USART IPParameter rename Prescaler parameter to ClockPrescaler is applicable
2026-05-08 14:09:49,483 [INFO] Rule:228 - rule UART/USART Prescaler rename Prescaler parameter to ClockPrescaler is applicable
2026-05-08 14:09:49,483 [INFO] Rule:228 - rule TIM1CLockSelection is applicable
2026-05-08 14:09:49,483 [INFO] Rule:228 - rule TIM15CLockSelection is applicable
2026-05-08 14:09:49,483 [INFO] Rule:228 - rule align RCC SDMMC3CLockSelection default value on MP1 is applicable
2026-05-08 14:09:49,483 [INFO] Rule:228 - rule align RCC SDMMC12CLockSelection default value on MP1 is applicable
2026-05-08 14:09:49,483 [INFO] Rule:228 - rule align RCC QSPICLockSelection default value on MP1 is applicable
2026-05-08 14:09:49,483 [INFO] Rule:228 - rule align RCC QSPICLockSelection default value on MP1 is applicable
2026-05-08 14:09:49,483 [INFO] Rule:228 - rule align RCC SPI6CLockSelection default value on MP1 is applicable
2026-05-08 14:09:49,483 [INFO] Rule:228 - rule align RCC LPTIM23CLockSelection default value on MP1 is applicable
2026-05-08 14:09:49,483 [INFO] Rule:228 - rule align RCC LPTIM1CLockSelection default value on MP1 is applicable
2026-05-08 14:09:49,483 [INFO] Rule:228 - rule align RCC USART1CLockSelection default value on MP1 is applicable
2026-05-08 14:09:49,483 [INFO] Rule:228 - rule align RCC USART24CLockSelection default value on MP1 is applicable
2026-05-08 14:09:49,483 [INFO] Rule:228 - rule align RCC USART6CLockSelection default value on MP1 is applicable
2026-05-08 14:09:49,483 [INFO] Rule:228 - rule align RCC UART78CLockSelection default value on MP1 is applicable
2026-05-08 14:09:49,483 [INFO] Rule:228 - rule align RCC USART35CLockSelection default value on MP1 is applicable
2026-05-08 14:09:49,483 [INFO] Rule:228 - rule align RCC SPI45CLockSelection default value on MP1 is applicable
2026-05-08 14:09:49,483 [INFO] Rule:228 - rule align RCC I2C46CLockSelection BCLK value on MP1 is applicable
2026-05-08 14:09:49,483 [INFO] Rule:228 - rule align RCC SPI45CLockSelection default value on MP1 is applicable
2026-05-08 14:09:49,483 [INFO] Rule:228 - rule align RCC I2C12CLockSelection default value on MP1 is applicable
2026-05-08 14:09:49,483 [INFO] Rule:228 - rule align RCC I2C35CLockSelection default value on MP1 is applicable
2026-05-08 14:09:49,483 [INFO] Rule:228 - rule align RCC LPTIM45CLockSelection default value on MP1 is applicable
2026-05-08 14:09:49,483 [INFO] Rule:228 - rule Rename DCMI PIXCK signal is applicable
2026-05-08 14:09:49,483 [INFO] Rule:228 - rule Change Default Value for I2C46CLockSelection MP1 family is applicable
2026-05-08 14:09:49,483 [INFO] Rule:228 - rule Change Default Value for UART for G4, G0 and WB families is applicable
2026-05-08 14:09:49,483 [INFO] Rule:228 - rule Change Default Value for USART for G4, G0 and WB families is applicable
2026-05-08 14:09:49,483 [INFO] Rule:228 - rule Change Default Value for USART for G4 family is applicable
2026-05-08 14:09:49,483 [INFO] Rule:228 - rule Change USART1CLockSelection refparam name for MP1 is applicable
2026-05-08 14:09:49,483 [INFO] Rule:228 - rule Change USART2CLockSelection refparam name for MP1 is applicable
2026-05-08 14:09:49,483 [INFO] Rule:228 - rule Change USART3CLockSelection refparam name for MP1 is applicable
2026-05-08 14:09:49,483 [INFO] Rule:228 - rule Change UART4CLockSelection refparam name for MP1 is applicable
2026-05-08 14:09:49,483 [INFO] Rule:228 - rule Change UART5CLockSelection refparam name for MP1 is applicable
2026-05-08 14:09:49,483 [INFO] Rule:228 - rule Change LPUART1CLockSelection refparam name for MP1 is applicable
2026-05-08 14:09:49,483 [INFO] Rule:228 - rule Change LPTIM1CLockSelection refparam name for MP1 is applicable
2026-05-08 14:09:49,483 [INFO] Rule:228 - rule Change LPTIM2CLockSelection refparam name for MP1 is applicable
2026-05-08 14:09:49,483 [INFO] Rule:228 - rule Change RCC_MCO1Source refparam name for MP1 is applicable
2026-05-08 14:09:49,483 [INFO] Rule:228 - rule Change LSCOSource1 refparam name for MP1 is applicable
2026-05-08 14:09:49,483 [INFO] Rule:228 - rule Change SMPSCLockSelection refparam name for MP1 is applicable
2026-05-08 14:09:49,483 [INFO] Rule:228 - rule Change LPTIM3CLockSelection refparam name for MP1 is applicable
2026-05-08 14:09:49,483 [INFO] Rule:228 - rule Change MPCBB* Default Template Mode to Parameters is applicable
2026-05-08 14:09:49,483 [INFO] Rule:228 - rule Change MPCWM* or MPCBB* Secure Mode to Parameters is applicable
2026-05-08 14:09:49,483 [INFO] Rule:228 - rule Change MPCWM* or MPCBB* No Secure Mode to Parameters is applicable
2026-05-08 14:09:49,483 [INFO] Rule:228 - rule Change TZSC IP Secure Mode to Parameters is applicable
2026-05-08 14:09:49,483 [INFO] Rule:228 - rule Change TZSC IP No Secure Mode to Parameters is applicable
2026-05-08 14:09:49,483 [INFO] Rule:228 - rule Change TZSC IP Privilege Mode to Parameters is applicable
2026-05-08 14:09:49,483 [INFO] Rule:228 - rule Change TZSC IP No Privilege Mode to Parameters is applicable
2026-05-08 14:09:49,483 [INFO] Rule:228 - rule Change TZIC IT Secure Mode to Parameters is applicable
2026-05-08 14:09:49,483 [INFO] Rule:228 - rule Change TZIC IT No Secure Mode to Parameters is applicable
2026-05-08 14:09:49,483 [INFO] Rule:228 - rule Add MPCBB1_NonSecureArea_Start_Address value with referenced to MPCBB1_NonSecureArea_Start value is applicable
2026-05-08 14:09:49,483 [INFO] Rule:228 - rule Add MPCBB2_NonSecureArea_Start_Address value with referenced to MPCBB2_NonSecureArea_Start value is applicable
2026-05-08 14:09:49,483 [INFO] Rule:228 - rule Add MPCWM1_NonSecureArea*_Start_Address value with referenced to MPCWM1_NonSecureArea*_Start value is applicable
2026-05-08 14:09:49,483 [INFO] Rule:228 - rule Add MPCWM2_NonSecureArea*_Start_Address value with referenced to MPCWM2_NonSecureArea*_Start value is applicable
2026-05-08 14:09:49,483 [INFO] Rule:228 - rule Add MPCWM3_NonSecureArea_Start_Address value with referenced to MPCWM3_NonSecureArea_Start value is applicable
2026-05-08 14:09:49,483 [INFO] Rule:228 - rule Change Default Value for PLL1UserDefinedConfig is applicable
2026-05-08 14:09:49,483 [INFO] Rule:228 - rule Change GPIO_PuPd Default Value for USART in async mode is applicable
2026-05-08 14:09:49,483 [INFO] Rule:228 - rule Change SMPSDivider Default Value is applicable
2026-05-08 14:09:49,483 [INFO] Rule:228 - rule OPAMP is applicable
2026-05-08 14:09:49,483 [INFO] Rule:228 - rule LPUART IPParameter rename Prescaler parameter to ClockPrescaler for STM32H7 is applicable
2026-05-08 14:09:49,483 [INFO] Rule:228 - rule LPUART IPParameter rename Prescaler parameter to ClockPrescaler for STM32H7 is applicable
2026-05-08 14:09:49,483 [INFO] Rule:228 - rule LPUART IPParameter rename Prescaler parameter to ClockPrescaler for STM32WB is applicable
2026-05-08 14:09:49,483 [INFO] Rule:228 - rule LPUART IPParameter rename Prescaler parameter to ClockPrescaler for STM32WB is applicable
2026-05-08 14:09:49,483 [INFO] Rule:228 - rule LPUART IPParameter rename Prescaler parameter to ClockPrescaler for STM32G4 is applicable
2026-05-08 14:09:49,483 [INFO] Rule:228 - rule LPUART IPParameter rename Prescaler parameter to ClockPrescaler for STM32G4 is applicable
2026-05-08 14:09:49,483 [INFO] Rule:228 - rule LPUART IPParameter rename Prescaler parameter to ClockPrescaler for STM32L5 is applicable
2026-05-08 14:09:49,483 [INFO] Rule:228 - rule LPUART IPParameter rename Prescaler parameter to ClockPrescaler for STM32L5 is applicable
2026-05-08 14:09:49,483 [INFO] Rule:228 - rule LPUART IPParameter rename Prescaler parameter to ClockPrescaler for STM32G4 is applicable
2026-05-08 14:09:49,483 [INFO] Rule:228 - rule LPUART IPParameter rename Prescaler parameter to ClockPrescaler for STM32G4 is applicable
2026-05-08 14:09:49,483 [INFO] Rule:228 - rule USB device lib V2.5.3 for L0 rename USBD_SUPPORT_USER_STRING parameter to USBD_SUPPORT_USER_STRING_DESC4 is applicable
2026-05-08 14:09:49,483 [INFO] Rule:228 - rule I2SCLockSelection clock entry align is applicable
2026-05-08 14:09:49,483 [INFO] Rule:228 - rule Assign TIMx context if used as SYS timebase is applicable
2026-05-08 14:09:49,483 [INFO] Rule:228 - rule Change GPIO_Pu Default Value for I2C is applicable
2026-05-08 14:09:49,483 [INFO] Rule:228 - rule Change GPIO_Pu Default Value for SMBus is applicable
2026-05-08 14:09:49,483 [INFO] Rule:228 - rule change FDCAN default value is applicable
2026-05-08 14:09:49,483 [INFO] Rule:228 - rule Change mode sai is applicable
2026-05-08 14:09:49,483 [INFO] Rule:228 - rule **Change sai mode is applicable
2026-05-08 14:09:49,483 [INFO] Rule:228 - rule Rename STM32WPAN CFG_BLE_IRK to CFG_BLE_IR is applicable
2026-05-08 14:09:49,483 [INFO] Rule:228 - rule Rename STM32WPAN CFG_BLE_ERK to CFG_BLE_ER is applicable
2026-05-08 14:09:49,483 [INFO] Rule:228 - rule Rename STM32WPAN CFG_BLE_IRK_HEX to CFG_BLE_IR_HEX is applicable
2026-05-08 14:09:49,483 [INFO] Rule:228 - rule Rename STM32WPAN CFG_BLE_ERK_HEX to CFG_BLE_ER_HEX is applicable
2026-05-08 14:09:49,490 [INFO] DbConfProperties:307 - Apply Compatibility (78/293 Rules)
2026-05-08 14:09:49,740 [INFO] ImportTextPane:205 - (OptionalMessage_ERROR) Unable to find key (Mcu.ThirdPartyNb) in loaded IOC file
2026-05-08 14:09:49,845 [INFO] RtosManager:555 - Registered RTOS mode: class=CMSIS, group=RTOS, mode=CMSIS_V1, owner=FREERTOS
2026-05-08 14:09:49,845 [INFO] RtosManager:555 - Registered RTOS mode: class=CMSIS, group=RTOS2, mode=CMSIS_V2, owner=FREERTOS
2026-05-08 14:09:49,845 [INFO] RtosManager:555 - Registered RTOS mode: class=RTOS, group=Core, mode=CMSIS_V1, owner=FREERTOS
2026-05-08 14:09:49,845 [INFO] RtosManager:555 - Registered RTOS mode: class=RTOS, group=Core, mode=CMSIS_V2, owner=FREERTOS
2026-05-08 14:09:49,845 [WARN] ModelIntegratedComponent:184 - Missing modes for component STMicroelectronics:FreeRTOS:0.0.1:STMicroelectronics:RTOS:FreeRTOS:Core:::10.2.0:
2026-05-08 14:09:49,888 [WARN] ModelIntegratedComponent:63 - No mode defined for component null
2026-05-08 14:09:49,888 [WARN] ModelIntegratedComponent:63 - No mode defined for component null
2026-05-08 14:09:49,888 [WARN] ModelIntegratedComponent:63 - No mode defined for component null
2026-05-08 14:09:49,888 [WARN] ModelIntegratedComponent:63 - No mode defined for component null
2026-05-08 14:09:49,888 [WARN] ModelIntegratedComponent:63 - No mode defined for component null
2026-05-08 14:09:49,888 [WARN] ModelIntegratedComponent:63 - No mode defined for component null
2026-05-08 14:09:49,888 [WARN] ModelIntegratedComponent:63 - No mode defined for component null
2026-05-08 14:09:49,888 [WARN] ModelIntegratedComponent:63 - No mode defined for component null
2026-05-08 14:09:49,888 [WARN] ModelIntegratedComponent:63 - No mode defined for component null
2026-05-08 14:09:49,889 [WARN] ModelIntegratedComponent:63 - No mode defined for component null
2026-05-08 14:09:49,889 [WARN] ModelIntegratedComponent:63 - No mode defined for component null
2026-05-08 14:09:49,889 [WARN] ModelIntegratedComponent:63 - No mode defined for component null
2026-05-08 14:09:49,889 [WARN] ModelIntegratedComponent:63 - No mode defined for component null
2026-05-08 14:09:49,889 [WARN] ModelIntegratedComponent:63 - No mode defined for component null
2026-05-08 14:09:49,889 [WARN] ModelIntegratedComponent:63 - No mode defined for component null
2026-05-08 14:09:49,889 [WARN] ModelIntegratedComponent:63 - No mode defined for component null
2026-05-08 14:09:49,889 [WARN] ModelIntegratedComponent:63 - No mode defined for component null
2026-05-08 14:09:49,889 [WARN] ModelIntegratedComponent:63 - No mode defined for component null
2026-05-08 14:09:49,889 [WARN] ModelIntegratedComponent:63 - No mode defined for component null
2026-05-08 14:09:49,889 [WARN] ModelIntegratedComponent:63 - No mode defined for component null
2026-05-08 14:09:49,889 [WARN] ModelIntegratedComponent:63 - No mode defined for component null
2026-05-08 14:09:49,889 [WARN] ModelIntegratedComponent:63 - No mode defined for component null
2026-05-08 14:09:49,889 [WARN] ModelIntegratedComponent:63 - No mode defined for component null
2026-05-08 14:09:49,889 [WARN] ModelIntegratedComponent:63 - No mode defined for component null
2026-05-08 14:09:49,889 [WARN] ModelIntegratedComponent:63 - No mode defined for component null
2026-05-08 14:09:49,889 [WARN] ModelIntegratedComponent:63 - No mode defined for component null
2026-05-08 14:09:49,889 [WARN] ModelIntegratedComponent:63 - No mode defined for component null
2026-05-08 14:09:49,889 [WARN] ModelIntegratedComponent:63 - No mode defined for component null
2026-05-08 14:09:49,889 [WARN] ModelIntegratedComponent:63 - No mode defined for component null
2026-05-08 14:09:49,889 [WARN] ModelIntegratedComponent:63 - No mode defined for component null
2026-05-08 14:09:49,889 [WARN] ModelIntegratedComponent:63 - No mode defined for component null
2026-05-08 14:09:49,889 [WARN] ModelIntegratedComponent:63 - No mode defined for component null
2026-05-08 14:09:49,889 [WARN] ModelIntegratedComponent:63 - No mode defined for component null
2026-05-08 14:09:49,889 [WARN] ModelIntegratedComponent:63 - No mode defined for component null
2026-05-08 14:09:49,889 [WARN] ModelIntegratedComponent:63 - No mode defined for component null
2026-05-08 14:09:49,889 [WARN] ModelPack:524 - Component already loaded: STMicroelectronics:HAL Drivers:0.0.0:STMicroelectronics:Device:STMicro_Driver:XSPI:HAL::0.0.1:HAL_XSPI
2026-05-08 14:09:50,124 [INFO] ThirdPartyModel:298 - Start build external matchings
2026-05-08 14:09:52,256 [INFO] ThirdPartyModel:316 - End build external matchings
2026-05-08 14:09:52,494 [INFO] UtilMem:75 - End LoadConfig() Used Memory: 820678328 Bytes (1073741824)
2026-05-08 14:09:52,624 [WARN] ThirdParty:833 - waiting for thirdparty lock release [change project]
2026-05-08 14:09:52,624 [INFO] ThirdParty:835 - entering critical section [change project]
2026-05-08 14:09:52,624 [INFO] ThirdParty:1030 - CMSIS Pack Vendor :STMicroelectronics X-CUBE-AZRTOS-H7 3.5.0
2026-05-08 14:09:52,625 [INFO] ThirdParty:1030 - CMSIS Pack Vendor :STMicroelectronics X-CUBE-PM33A1 1.0.0
2026-05-08 14:09:52,625 [INFO] ThirdParty:1030 - CMSIS Pack Vendor :STMicroelectronics USBPD 4.1
2026-05-08 14:09:52,625 [INFO] ThirdParty:1030 - CMSIS Pack Vendor :STMicroelectronics USB_HOST 2.0.0
2026-05-08 14:09:52,625 [INFO] ThirdParty:1030 - CMSIS Pack Vendor :STMicroelectronics FP-SNS-MOTENVWB1 1.4.0
2026-05-08 14:09:52,625 [INFO] ThirdParty:1030 - CMSIS Pack Vendor :STMicroelectronics X-CUBE-AZRTOS-F4 1.1.0
2026-05-08 14:09:52,625 [INFO] ThirdParty:1030 - CMSIS Pack Vendor :STMicroelectronics LIBJPEG 8.0.0
2026-05-08 14:09:52,625 [INFO] ThirdParty:1030 - CMSIS Pack Vendor :STMicroelectronics FP-ATR-ASTRA1 2.0.2
2026-05-08 14:09:52,625 [INFO] ThirdParty:1030 - CMSIS Pack Vendor :STMicroelectronics FP-ATR-ASTRA1 2.0.1
2026-05-08 14:09:52,625 [INFO] ThirdParty:1030 - CMSIS Pack Vendor :STMicroelectronics X-CUBE-SMBUS 2.1.0
2026-05-08 14:09:52,625 [INFO] ThirdParty:1030 - CMSIS Pack Vendor :STMicroelectronics X-CUBE-WB05N 1.1.0
2026-05-08 14:09:52,625 [INFO] ThirdParty:1030 - CMSIS Pack Vendor :STMicroelectronics X-CUBE-ISPU 2.1.0
2026-05-08 14:09:52,625 [INFO] ThirdParty:1030 - CMSIS Pack Vendor :STMicroelectronics X-CUBE-FREERTOS 1.2.0
2026-05-08 14:09:52,625 [INFO] ThirdParty:1030 - CMSIS Pack Vendor :STMicroelectronics X-CUBE-NFC12 1.0.0
2026-05-08 14:09:52,625 [INFO] ThirdParty:1030 - CMSIS Pack Vendor :STMicroelectronics X-CUBE-AZRTOS-F7 1.1.0
2026-05-08 14:09:52,625 [INFO] ThirdParty:1030 - CMSIS Pack Vendor :STMicroelectronics X-CUBE-AZRTOS-L5 2.0.0
2026-05-08 14:09:52,625 [INFO] ThirdParty:1030 - CMSIS Pack Vendor :STMicroelectronics USB_DEVICE 2.0.0
2026-05-08 14:09:52,625 [INFO] ThirdParty:1030 - CMSIS Pack Vendor :STMicroelectronics X-CUBE-NFC6 3.1.0
2026-05-08 14:09:52,625 [INFO] ThirdParty:1030 - CMSIS Pack Vendor :STMicroelectronics X-CUBE-MEMS1 11.0.0
2026-05-08 14:09:52,625 [INFO] ThirdParty:1030 - CMSIS Pack Vendor :STMicroelectronics FreeRTOS 0.0.1
2026-05-08 14:09:52,625 [INFO] ThirdParty:1030 - CMSIS Pack Vendor :STMicroelectronics X-CUBE-DPower 1.2.0
2026-05-08 14:09:52,625 [INFO] ThirdParty:1030 - CMSIS Pack Vendor :STMicroelectronics FP-SNS-FLIGHT1 5.0.2
2026-05-08 14:09:52,625 [INFO] ThirdParty:1030 - CMSIS Pack Vendor :STMicroelectronics PDM2PCM 3.3.0
2026-05-08 14:09:52,625 [INFO] ThirdParty:1030 - CMSIS Pack Vendor :STMicroelectronics X-CUBE-AZRTOS-H7 3.4.0
2026-05-08 14:09:52,625 [INFO] ThirdParty:1030 - CMSIS Pack Vendor :STMicroelectronics X-CUBE-DISPLAY 3.0.0
2026-05-08 14:09:52,625 [INFO] ThirdParty:1030 - CMSIS Pack Vendor :STMicroelectronics X-CUBE-GNSS1 7.1.1
2026-05-08 14:09:52,625 [INFO] ThirdParty:1030 - CMSIS Pack Vendor :STMicroelectronics X-CUBE-BLE1 7.0.0
2026-05-08 14:09:52,625 [INFO] ThirdParty:1030 - CMSIS Pack Vendor :STMicroelectronics X-CUBE-NFC10 1.0.0
2026-05-08 14:09:52,625 [INFO] ThirdParty:1030 - CMSIS Pack Vendor :STMicroelectronics X-CUBE-BLEMGR 4.0.0
2026-05-08 14:09:52,625 [INFO] ThirdParty:1030 - CMSIS Pack Vendor :STMicroelectronics X-CUBE-FREERTOS 1.3.1
2026-05-08 14:09:52,625 [INFO] ThirdParty:1030 - CMSIS Pack Vendor :STMicroelectronics HAL Drivers 0.0.0
2026-05-08 14:09:52,625 [INFO] ThirdParty:1030 - CMSIS Pack Vendor :emotas I-CUBE-CANOPEN 1.3.0
2026-05-08 14:09:52,625 [INFO] ThirdParty:1030 - CMSIS Pack Vendor :STMicroelectronics X-CUBE-FREERTOS 1.3.0
2026-05-08 14:09:52,625 [INFO] ThirdParty:1030 - CMSIS Pack Vendor :STMicroelectronics X-CUBE-NFC7 1.0.1
2026-05-08 14:09:52,625 [INFO] ThirdParty:1030 - CMSIS Pack Vendor :STMicroelectronics MBEDTLS 2.14.1
2026-05-08 14:09:52,625 [INFO] ThirdParty:1030 - CMSIS Pack Vendor :STMicroelectronics X-CUBE-GNSS1 7.1.0
2026-05-08 14:09:52,625 [INFO] ThirdParty:1030 - CMSIS Pack Vendor :STMicroelectronics X-CUBE-TOUCHGFX 4.26.0
2026-05-08 14:09:52,625 [INFO] ThirdParty:1030 - CMSIS Pack Vendor :STMicroelectronics X-CUBE-TOUCHGFX 4.26.1
2026-05-08 14:09:52,625 [INFO] ThirdParty:1030 - CMSIS Pack Vendor :STMicroelectronics X-CUBE-BLEMGR 3.1.0
2026-05-08 14:09:52,625 [INFO] ThirdParty:1030 - CMSIS Pack Vendor :STMicroelectronics X-CUBE-AI 10.0.0
2026-05-08 14:09:52,625 [INFO] ThirdParty:1030 - CMSIS Pack Vendor :STMicroelectronics FP-SNS-SMARTAG2 1.2.0
2026-05-08 14:09:52,625 [INFO] ThirdParty:1030 - CMSIS Pack Vendor :STMicroelectronics X-CUBE-MEMS1 11.1.0
2026-05-08 14:09:52,625 [INFO] ThirdParty:1030 - CMSIS Pack Vendor :STMicroelectronics X-CUBE-AZRTOS-WL 2.0.0
2026-05-08 14:09:52,625 [INFO] ThirdParty:1030 - CMSIS Pack Vendor :STMicroelectronics FP-SNS-MOTENV1 5.0.0
2026-05-08 14:09:52,625 [INFO] ThirdParty:1030 - CMSIS Pack Vendor :STMicroelectronics USB_DEVICE 1.0.0
2026-05-08 14:09:52,625 [INFO] ThirdParty:1030 - CMSIS Pack Vendor :STMicroelectronics X-CUBE-AZRTOS-H7RS 1.2.0
2026-05-08 14:09:52,625 [INFO] ThirdParty:1030 - CMSIS Pack Vendor :wolfSSL I-CUBE-wolfMQTT 1.19.0
2026-05-08 14:09:52,625 [INFO] ThirdParty:1030 - CMSIS Pack Vendor :STMicroelectronics X-CUBE-AZRTOS-L4 2.0.0
2026-05-08 14:09:52,625 [INFO] ThirdParty:1030 - CMSIS Pack Vendor :STMicroelectronics ThreadX 0.0.2
2026-05-08 14:09:52,625 [INFO] ThirdParty:1030 - CMSIS Pack Vendor :WES I-CUBE-Cesium 1.3.0
2026-05-08 14:09:52,625 [INFO] ThirdParty:1030 - CMSIS Pack Vendor :STMicroelectronics lwIP 2.1.2
2026-05-08 14:09:52,625 [INFO] ThirdParty:1030 - CMSIS Pack Vendor :STMicroelectronics X-CUBE-SFXS2LP1 4.0.0
2026-05-08 14:09:52,625 [INFO] ThirdParty:1030 - CMSIS Pack Vendor :STMicroelectronics X-CUBE-BLE2 3.3.0
2026-05-08 14:09:52,625 [INFO] ThirdParty:1030 - CMSIS Pack Vendor :STMicroelectronics PDM2PCM 3.2.0
2026-05-08 14:09:52,625 [INFO] ThirdParty:1030 - CMSIS Pack Vendor :STMicroelectronics X-CUBE-WB05N 2.1.0
2026-05-08 14:09:52,625 [INFO] ThirdParty:1030 - CMSIS Pack Vendor :STMicroelectronics X-CUBE-AZRTOS-H7 3.3.0
2026-05-08 14:09:52,626 [INFO] ThirdParty:1030 - CMSIS Pack Vendor :STMicroelectronics X-CUBE-NFC9 1.0.0
2026-05-08 14:09:52,626 [INFO] ThirdParty:1030 - CMSIS Pack Vendor :STMicroelectronics X-CUBE-BLE1 7.1.0
2026-05-08 14:09:52,626 [INFO] ThirdParty:1030 - CMSIS Pack Vendor :STMicroelectronics USB_DEVICE 3.0.0
2026-05-08 14:09:52,626 [INFO] ThirdParty:1030 - CMSIS Pack Vendor :STMicroelectronics X-CUBE-TCPP 4.1.0
2026-05-08 14:09:52,626 [INFO] ThirdParty:1030 - CMSIS Pack Vendor :STMicroelectronics X-CUBE-EEPRMA1 5.2.0
2026-05-08 14:09:52,626 [INFO] ThirdParty:1030 - CMSIS Pack Vendor :STMicroelectronics X-CUBE-IPS 3.0.0
2026-05-08 14:09:52,626 [INFO] ThirdParty:1030 - CMSIS Pack Vendor :STMicroelectronics X-CUBE-AZRTOS-WB 2.0.0
2026-05-08 14:09:52,626 [INFO] ThirdParty:1030 - CMSIS Pack Vendor :STMicroelectronics X-CUBE-GNSS1 7.0.0
2026-05-08 14:09:52,626 [INFO] ThirdParty:1030 - CMSIS Pack Vendor :STMicroelectronics X-CUBE-GNSS1 7.0.1
2026-05-08 14:09:52,626 [INFO] ThirdParty:1030 - CMSIS Pack Vendor :STMicroelectronics X-CUBE-TOUCHGFX 4.25.0
2026-05-08 14:09:52,626 [INFO] ThirdParty:1030 - CMSIS Pack Vendor :STMicroelectronics X-CUBE-AI 10.1.0
2026-05-08 14:09:52,626 [INFO] ThirdParty:1030 - CMSIS Pack Vendor :STMicroelectronics FP-SNS-STBOX1 2.0.0
2026-05-08 14:09:52,626 [INFO] ThirdParty:1030 - CMSIS Pack Vendor :STMicroelectronics X-CUBE-MEMS1 12.0.0
2026-05-08 14:09:52,626 [INFO] ThirdParty:1030 - CMSIS Pack Vendor :STMicroelectronics X-CUBE-STSE01 2.0.0
2026-05-08 14:09:52,626 [INFO] ThirdParty:1030 - CMSIS Pack Vendor :STMicroelectronics X-CUBE-AZRTOS-G0 1.1.0
2026-05-08 14:09:52,626 [INFO] ThirdParty:1030 - CMSIS Pack Vendor :STMicroelectronics X-CUBE-SAFEA1 1.2.2
2026-05-08 14:09:52,626 [INFO] ThirdParty:1030 - CMSIS Pack Vendor :STMicroelectronics X-CUBE-NFC4 3.0.0
2026-05-08 14:09:52,626 [INFO] ThirdParty:1030 - CMSIS Pack Vendor :STMicroelectronics X-CUBE-SUBG2 5.0.0
2026-05-08 14:09:52,626 [INFO] ThirdParty:1030 - CMSIS Pack Vendor :STMicroelectronics X-CUBE-AZRTOS-H7RS 1.1.0
2026-05-08 14:09:52,626 [INFO] ThirdParty:1030 - CMSIS Pack Vendor :STMicroelectronics STM32_WPAN 1.0.0
2026-05-08 14:09:52,626 [INFO] ThirdParty:1030 - CMSIS Pack Vendor :EmbeddedOffice I-CUBE-FS-RTOS 1.0.1
2026-05-08 14:09:52,626 [INFO] ThirdParty:1030 - CMSIS Pack Vendor :STMicroelectronics lwIP 2.0.3
2026-05-08 14:09:52,626 [INFO] ThirdParty:1030 - CMSIS Pack Vendor :Cesanta I-CUBE-Mongoose 7.13.0
2026-05-08 14:09:52,626 [INFO] ThirdParty:1030 - CMSIS Pack Vendor :STMicroelectronics USB_HOST 1.0.0
2026-05-08 14:09:52,626 [INFO] ThirdParty:1030 - CMSIS Pack Vendor :STMicroelectronics X-CUBE-AZRTOS-G4 2.0.0
2026-05-08 14:09:52,626 [INFO] ThirdParty:1030 - CMSIS Pack Vendor :STMicroelectronics X-CUBE-WB05N 2.0.0
2026-05-08 14:09:52,626 [INFO] ThirdParty:1030 - CMSIS Pack Vendor :STMicroelectronics PDM2PCM 3.1.0
2026-05-08 14:09:52,626 [INFO] ThirdParty:1030 - CMSIS Pack Vendor :STMicroelectronics X-CUBE-NFC7 2.0.0
2026-05-08 14:09:52,626 [INFO] ThirdParty:1030 - CMSIS Pack Vendor :RealThread X-CUBE-RT-Thread_Nano 4.1.1
2026-05-08 14:09:52,626 [INFO] ThirdParty:1030 - CMSIS Pack Vendor :STMicroelectronics FP-ATR-SIGFOX1 3.2.0
2026-05-08 14:09:52,626 [INFO] ThirdParty:1030 - CMSIS Pack Vendor :wolfSSL I-CUBE-wolfSSL 5.7.2
2026-05-08 14:09:52,626 [INFO] ThirdParty:1030 - CMSIS Pack Vendor :quantropi X-CUBE-qispace-sdk-base 1.9.3
2026-05-08 14:09:52,626 [INFO] ThirdParty:1030 - CMSIS Pack Vendor :STMicroelectronics X-CUBE-EEPRMA1 5.1.0
2026-05-08 14:09:52,626 [INFO] ThirdParty:1030 - CMSIS Pack Vendor :STMicroelectronics MBEDTLS 2.16.2
2026-05-08 14:09:52,626 [INFO] ThirdParty:1030 - CMSIS Pack Vendor :STMicroelectronics X-CUBE-ALS 1.0.2
2026-05-08 14:09:52,626 [INFO] ThirdParty:1030 - CMSIS Pack Vendor :ITTIA_DB I-CUBE-ITTIADB 8.9.0
2026-05-08 14:09:52,626 [INFO] ThirdParty:1030 - CMSIS Pack Vendor :STMicroelectronics X-CUBE-TOUCHGFX 4.24.2
2026-05-08 14:09:52,626 [INFO] ThirdParty:1030 - CMSIS Pack Vendor :STMicroelectronics X-CUBE-TOUCHGFX 4.24.1
2026-05-08 14:09:52,626 [INFO] ThirdParty:1030 - CMSIS Pack Vendor :STMicroelectronics X-CUBE-STSE01 1.0.0
2026-05-08 14:09:52,626 [INFO] ThirdParty:1030 - CMSIS Pack Vendor :wolfSSL I-CUBE-wolfTPM 3.4.0
2026-05-08 14:09:52,626 [INFO] ThirdParty:1030 - CMSIS Pack Vendor :portGmbH I-Cube-SoM-uGOAL 1.1.0
2026-05-08 14:09:52,626 [INFO] ThirdParty:1030 - CMSIS Pack Vendor :STMicroelectronics X-CUBE-NFC6 3.2.0
2026-05-08 14:09:52,626 [INFO] ThirdParty:1030 - CMSIS Pack Vendor :STMicroelectronics X-CUBE-AI 10.2.0
2026-05-08 14:09:52,626 [INFO] ThirdParty:1030 - CMSIS Pack Vendor :STMicroelectronics ThreadX 1.0.0
2026-05-08 14:09:52,626 [INFO] ThirdParty:1030 - CMSIS Pack Vendor :STMicroelectronics X-CUBE-MEMS1 12.1.0
2026-05-08 14:09:52,626 [INFO] ThirdParty:1030 - CMSIS Pack Vendor :SEGGER I-CUBE-embOS 1.3.1
2026-05-08 14:09:52,626 [INFO] ThirdParty:1030 - CMSIS Pack Vendor :STMicroelectronics X-CUBE-ALGOBUILD 1.4.0
2026-05-08 14:09:52,626 [INFO] ThirdParty:1030 - CMSIS Pack Vendor :STMicroelectronics X-CUBE-MEMS1 11.3.0
2026-05-08 14:09:52,626 [INFO] ThirdParty:1030 - CMSIS Pack Vendor :STMicroelectronics X-CUBE-AZRTOS-H7RS 1.0.0
2026-05-08 14:09:52,626 [INFO] ThirdParty:1030 - CMSIS Pack Vendor :STMicroelectronics FP-ATR-ASTRA1 2.0.0
2026-05-08 14:09:52,626 [INFO] ThirdParty:1030 - CMSIS Pack Vendor :STMicroelectronics X-CUBE-TOF1 3.4.2
2026-05-08 14:09:52,626 [INFO] ThirdParty:1030 - CMSIS Pack Vendor :STMicroelectronics X-CUBE-AI 9.1.0
2026-05-08 14:09:52,626 [INFO] ThirdParty:1030 - CMSIS Pack Vendor :Infineon AIROC-Wi-Fi-Bluetooth-STM32 1.6.1
2026-05-08 14:09:52,626 [INFO] ThirdParty:1030 - CMSIS Pack Vendor :wolfSSL I-CUBE-wolfSSH 1.4.17
2026-05-08 14:09:52,626 [INFO] ThirdParty:841 - exiting critical section [change project]
2026-05-08 14:09:52,758 [INFO] PinOutPanel:1561 - setPackage(No Configuration,No Configuration)
2026-05-08 14:09:52,758 [INFO] PinOutPanel:1561 - setPackage(STM32F401RETx,LQFP64)
2026-05-08 14:09:52,939 [INFO] UtilMem:75 - Before build in PCC Used Memory: 800632576 Bytes (1073741824)
2026-05-08 14:09:53,147 [INFO] UtilMem:75 - After build in PCC Used Memory: 845195008 Bytes (1073741824)
2026-05-08 14:09:53,174 [INFO] IPUIPlugin:80 - create IPUIPlugin
2026-05-08 14:09:53,174 [INFO] IPUIPlugin:80 - create IPUIPlugin
2026-05-08 14:09:53,174 [INFO] IPUIPlugin:80 - create IPUIPlugin
2026-05-08 14:09:53,174 [INFO] IPUIPlugin:80 - create IPUIPlugin
2026-05-08 14:09:53,174 [INFO] IPUIPlugin:80 - create IPUIPlugin
2026-05-08 14:09:53,174 [INFO] IPUIPlugin:80 - create IPUIPlugin
2026-05-08 14:09:53,174 [INFO] IPUIPlugin:80 - create IPUIPlugin
2026-05-08 14:09:53,175 [INFO] IPUIPlugin:80 - create IPUIPlugin
2026-05-08 14:09:53,175 [INFO] IPUIPlugin:80 - create IPUIPlugin
2026-05-08 14:09:53,175 [INFO] IPUIPlugin:80 - create IPUIPlugin
2026-05-08 14:09:53,175 [INFO] IPUIPlugin:80 - create IPUIPlugin
2026-05-08 14:09:53,175 [INFO] IPUIPlugin:80 - create IPUIPlugin
2026-05-08 14:09:53,175 [INFO] IPUIPlugin:80 - create IPUIPlugin
2026-05-08 14:09:53,176 [INFO] IPUIPlugin:80 - create IPUIPlugin
2026-05-08 14:09:53,176 [INFO] IPUIPlugin:80 - create IPUIPlugin
2026-05-08 14:09:53,176 [INFO] IPUIPlugin:80 - create IPUIPlugin
2026-05-08 14:09:53,177 [INFO] IPUIPlugin:80 - create IPUIPlugin
2026-05-08 14:09:53,177 [INFO] IPUIPlugin:80 - create IPUIPlugin
2026-05-08 14:09:53,177 [INFO] IPUIPlugin:80 - create IPUIPlugin
2026-05-08 14:09:53,177 [INFO] IPUIPlugin:80 - create IPUIPlugin
2026-05-08 14:09:53,177 [INFO] IPUIPlugin:80 - create IPUIPlugin
2026-05-08 14:09:53,177 [INFO] IPUIPlugin:80 - create IPUIPlugin
2026-05-08 14:09:53,177 [INFO] IPUIPlugin:80 - create IPUIPlugin
2026-05-08 14:09:53,178 [INFO] IPUIPlugin:80 - create IPUIPlugin
2026-05-08 14:09:53,178 [INFO] IPUIPlugin:80 - create IPUIPlugin
2026-05-08 14:09:53,178 [INFO] IPUIPlugin:80 - create IPUIPlugin
2026-05-08 14:09:53,179 [INFO] IPUIPlugin:80 - create IPUIPlugin
2026-05-08 14:09:53,180 [INFO] IPUIPlugin:80 - create IPUIPlugin
2026-05-08 14:09:53,180 [INFO] IPUIPlugin:80 - create IPUIPlugin
2026-05-08 14:09:53,181 [INFO] IPUIPlugin:80 - create IPUIPlugin
2026-05-08 14:09:53,181 [INFO] IPUIPlugin:80 - create IPUIPlugin
2026-05-08 14:09:53,181 [INFO] IPUIPlugin:80 - create IPUIPlugin
2026-05-08 14:09:53,181 [INFO] IPUIPlugin:80 - create IPUIPlugin
2026-05-08 14:09:53,182 [INFO] IPUIPlugin:80 - create IPUIPlugin
2026-05-08 14:09:53,182 [INFO] IPUIPlugin:80 - create IPUIPlugin
2026-05-08 14:09:53,182 [INFO] IPUIPlugin:80 - create IPUIPlugin
2026-05-08 14:09:53,183 [INFO] IPUIPlugin:80 - create IPUIPlugin
2026-05-08 14:09:53,183 [INFO] IPUIPlugin:80 - create IPUIPlugin
2026-05-08 14:09:53,186 [INFO] ApiDbMcu:508 - Load IP Config File for PDM2PCM
2026-05-08 14:09:53,237 [INFO] CADModel:165 - CPN selected for project levelSTM32F401RET6
2026-05-08 14:09:53,238 [INFO] CADModel:114 - Register for checkConnection events
2026-05-08 14:09:53,288 [INFO] OpenFileManager:363 - Restore cursor
2026-05-08 14:09:53,696 [INFO] UtilMem:75 - End SaveConfig() Used Memory: 916656104 Bytes (1073741824)
2026-05-08 14:09:53,761 [INFO] UtilMem:75 - End SaveConfig() Used Memory: 932868000 Bytes (1073741824)
2026-05-08 14:09:53,882 [INFO] BlockDiagram:2766 - set Specific Code input for plugin: NVIC
2026-05-08 14:09:53,883 [INFO] BlockDiagram:2766 - set Specific Code input for plugin: GPIO
2026-05-08 14:09:53,883 [INFO] BlockDiagram:2766 - set Specific Code input for plugin: RCC
2026-05-08 14:09:53,886 [INFO] CodeGenerator:807 - code generatio: config db path: D:\STM32CubeIDE_1.16.1\STM32CubeIDE\plugins\com.st.stm32cube.common.mx_6.12.1.202409122256\\db\
2026-05-08 14:09:53,974 [INFO] CodeEngine:255 - oldGeneratedFile, D:\SV\Code\STM32\Buoi4_Nhom5\TEST_UART\MXTmpFiles\license.tmp_save
2026-05-08 14:09:54,104 [INFO] CodeEngine:279 - Generated code: D:\SV\Code\STM32\Buoi4_Nhom5\TEST_UART\MXTmpFiles\license.tmp
2026-05-08 14:09:54,131 [INFO] CodeEngine:255 - oldGeneratedFile, D:\SV\Code\STM32\Buoi4_Nhom5\TEST_UART\MXTmpFiles\gpio.tmp_save
2026-05-08 14:09:54,268 [INFO] CodeEngine:279 - Generated code: D:\SV\Code\STM32\Buoi4_Nhom5\TEST_UART\MXTmpFiles\gpio.tmp
2026-05-08 14:09:54,283 [INFO] CodeEngine:255 - oldGeneratedFile, D:\SV\Code\STM32\Buoi4_Nhom5\TEST_UART\Core\Src\stm32f4xx_it.c_save
2026-05-08 14:09:54,548 [INFO] CodeEngine:279 - Generated code: D:\SV\Code\STM32\Buoi4_Nhom5\TEST_UART\Core\Src\stm32f4xx_it.c
2026-05-08 14:09:54,558 [INFO] CodeEngine:255 - oldGeneratedFile, D:\SV\Code\STM32\Buoi4_Nhom5\TEST_UART\Core\Inc\stm32f4xx_it.h_save
2026-05-08 14:09:54,666 [INFO] CodeEngine:279 - Generated code: D:\SV\Code\STM32\Buoi4_Nhom5\TEST_UART\Core\Inc\stm32f4xx_it.h
2026-05-08 14:09:54,688 [INFO] CodeEngine:255 - oldGeneratedFile, D:\SV\Code\STM32\Buoi4_Nhom5\TEST_UART\Core\Src\stm32f4xx_hal_msp.c_save
2026-05-08 14:09:54,867 [INFO] CodeEngine:279 - Generated code: D:\SV\Code\STM32\Buoi4_Nhom5\TEST_UART\Core\Src\stm32f4xx_hal_msp.c
2026-05-08 14:09:54,871 [INFO] CodeEngine:255 - oldGeneratedFile, D:\SV\Code\STM32\Buoi4_Nhom5\TEST_UART\MXTmpFiles\system.tmp_save
2026-05-08 14:09:54,951 [INFO] CodeEngine:279 - Generated code: D:\SV\Code\STM32\Buoi4_Nhom5\TEST_UART\MXTmpFiles\system.tmp
2026-05-08 14:09:54,959 [INFO] CodeEngine:311 - oldGeneratedFile, D:\SV\Code\STM32\Buoi4_Nhom5\TEST_UART\Core\Inc\stm32f4xx_hal_conf.h_save
2026-05-08 14:09:55,092 [INFO] CodeEngine:335 - Generated code: D:\SV\Code\STM32\Buoi4_Nhom5\TEST_UART\Core\Inc\stm32f4xx_hal_conf.h
2026-05-08 14:09:55,131 [INFO] CodeEngine:255 - oldGeneratedFile, D:\SV\Code\STM32\Buoi4_Nhom5\TEST_UART\Core\Inc\main.h_save
2026-05-08 14:09:55,259 [INFO] CodeEngine:279 - Generated code: D:\SV\Code\STM32\Buoi4_Nhom5\TEST_UART\Core\Inc\main.h
2026-05-08 14:09:55,261 [INFO] CodeEngine:255 - oldGeneratedFile, D:\SV\Code\STM32\Buoi4_Nhom5\TEST_UART\Core\Src\main.c_save
2026-05-08 14:09:55,410 [INFO] CodeEngine:279 - Generated code: D:\SV\Code\STM32\Buoi4_Nhom5\TEST_UART\Core\Src\main.c
2026-05-08 14:09:55,741 [INFO] ProjectBuilder:3249 - Time for Copy HAL[1] : 169mS.
2026-05-08 14:09:55,744 [INFO] ProjectBuilder:4828 - Project Generator version: 4.5.0-B34
2026-05-08 14:09:55,817 [INFO] ConfigFileManager:1531 - The Die is : DIE433
2026-05-08 14:09:55,821 [INFO] ApiDbMcu:508 - Load IP Config File for FATFS
2026-05-08 14:09:55,825 [INFO] ApiDbMcu:508 - Load IP Config File for FREERTOS
2026-05-08 14:09:55,827 [INFO] ApiDbMcu:508 - Load IP Config File for LIBJPEG
2026-05-08 14:09:55,834 [INFO] ApiDbMcu:508 - Load IP Config File for MBEDTLS
2026-05-08 14:09:55,844 [INFO] ApiDbMcu:508 - Load IP Config File for USB_DEVICE
2026-05-08 14:09:55,848 [INFO] ApiDbMcu:508 - Load IP Config File for USB_HOST
2026-05-08 14:09:58,028 [INFO] ProjectBuilder:5097 - Time for Generating toolchain IDE Files: 2284mS.
2026-05-08 14:09:58,030 [INFO] ProjectBuilder:3107 - Time for Copy CMSIS : 0mS.
2026-05-08 14:09:58,031 [INFO] ProjectBuilder:3107 - Time for Copy CMSIS : 0mS.
2026-05-08 14:09:59,135 [INFO] McuFinderGlobals:76 - Set McuFinderConnectedMode to true
2026-05-08 14:09:59,138 [INFO] ApiDb:448 - Save user favorites file C:\Users\trung/.stm32cubeide/favorites.mcus.txt: 0 item(s)
2026-05-08 14:09:59,138 [INFO] ApiDb:452 - User favorites MCUs=[]
2026-05-08 14:09:59,140 [INFO] ApiDb:448 - Save user favorites file C:\Users\trung/.stm32cubeide/favorites.boards.txt: 0 item(s)
2026-05-08 14:09:59,140 [INFO] ApiDb:452 - User favorites Boards=[]
2026-05-08 14:11:12,567 [INFO] NvicIntPanel:101 - NVIC parent = com.st.microxplorer.plugins.ip.nvic.MultiNvicIntPanel[,0,0,0x0,invalid,layout=javax.swing.BoxLayout,alignmentX=0.0,alignmentY=0.0,border=,flags=9,maximumSize=,minimumSize=,preferredSize=]
2026-05-08 14:11:12,698 [INFO] NvicIntPanel:101 - NVIC parent = com.st.microxplorer.plugins.ip.nvic.MultiNvicIntPanel[,0,0,0x0,invalid,layout=javax.swing.BoxLayout,alignmentX=0.0,alignmentY=0.0,border=,flags=9,maximumSize=,minimumSize=,preferredSize=]
2026-05-08 14:11:12,806 [INFO] NvicIntPanel:101 - NVIC parent = com.st.microxplorer.plugins.ip.nvic.MultiNvicIntPanel[,0,0,0x0,invalid,layout=javax.swing.BoxLayout,alignmentX=0.0,alignmentY=0.0,border=,flags=9,maximumSize=,minimumSize=,preferredSize=]
2026-05-08 14:11:12,881 [INFO] NvicIntPanel:101 - NVIC parent = com.st.microxplorer.plugins.ip.nvic.MultiNvicIntPanel[,0,0,0x0,invalid,layout=javax.swing.BoxLayout,alignmentX=0.0,alignmentY=0.0,border=,flags=9,maximumSize=,minimumSize=,preferredSize=]
2026-05-08 14:12:52,866 [INFO] WebApp:189 - Connection lost
2026-05-08 14:12:53,356 [INFO] WebApp:186 - Connection restablished
2026-05-08 14:13:55,980 [INFO] UtilMem:75 - End SaveConfig() Used Memory: 757674256 Bytes (1073741824)
2026-05-08 14:13:57,022 [INFO] UtilMem:75 - End SaveConfig() Used Memory: 714726552 Bytes (1073741824)
2026-05-08 14:13:58,621 [INFO] UtilMem:75 - End SaveConfig() Used Memory: 776592536 Bytes (1073741824)
2026-05-08 14:13:58,711 [INFO] BlockDiagram:2766 - set Specific Code input for plugin: NVIC
2026-05-08 14:13:58,711 [INFO] BlockDiagram:2766 - set Specific Code input for plugin: USART
2026-05-08 14:13:58,711 [INFO] BlockDiagram:2766 - set Specific Code input for plugin: SYS
2026-05-08 14:13:58,711 [INFO] BlockDiagram:2766 - set Specific Code input for plugin: GPIO
2026-05-08 14:13:58,711 [INFO] BlockDiagram:2766 - set Specific Code input for plugin: RCC
2026-05-08 14:13:58,711 [INFO] CodeGenerator:807 - code generatio: config db path: D:\STM32CubeIDE_1.16.1\STM32CubeIDE\plugins\com.st.stm32cube.common.mx_6.12.1.202409122256\\db\
2026-05-08 14:13:58,770 [INFO] CodeEngine:255 - oldGeneratedFile, D:\SV\Code\STM32\Buoi4_Nhom5\TEST_UART\MXTmpFiles\license.tmp_save
2026-05-08 14:13:58,845 [INFO] CodeEngine:279 - Generated code: D:\SV\Code\STM32\Buoi4_Nhom5\TEST_UART\MXTmpFiles\license.tmp
2026-05-08 14:13:58,863 [INFO] CodeEngine:255 - oldGeneratedFile, D:\SV\Code\STM32\Buoi4_Nhom5\TEST_UART\MXTmpFiles\gpio.tmp_save
2026-05-08 14:13:58,955 [INFO] CodeEngine:279 - Generated code: D:\SV\Code\STM32\Buoi4_Nhom5\TEST_UART\MXTmpFiles\gpio.tmp
2026-05-08 14:13:59,022 [INFO] CodeEngine:255 - oldGeneratedFile, D:\SV\Code\STM32\Buoi4_Nhom5\TEST_UART\Core\Src\stm32f4xx_it.c_save
2026-05-08 14:13:59,118 [INFO] CodeEngine:279 - Generated code: D:\SV\Code\STM32\Buoi4_Nhom5\TEST_UART\Core\Src\stm32f4xx_it.c
2026-05-08 14:13:59,122 [INFO] CodeEngine:255 - oldGeneratedFile, D:\SV\Code\STM32\Buoi4_Nhom5\TEST_UART\Core\Inc\stm32f4xx_it.h_save
2026-05-08 14:13:59,169 [INFO] CodeEngine:279 - Generated code: D:\SV\Code\STM32\Buoi4_Nhom5\TEST_UART\Core\Inc\stm32f4xx_it.h
2026-05-08 14:13:59,190 [INFO] CodeEngine:255 - oldGeneratedFile, D:\SV\Code\STM32\Buoi4_Nhom5\TEST_UART\Core\Src\stm32f4xx_hal_msp.c_save
2026-05-08 14:13:59,257 [INFO] CodeEngine:279 - Generated code: D:\SV\Code\STM32\Buoi4_Nhom5\TEST_UART\Core\Src\stm32f4xx_hal_msp.c
2026-05-08 14:13:59,267 [INFO] CodeEngine:255 - oldGeneratedFile, D:\SV\Code\STM32\Buoi4_Nhom5\TEST_UART\MXTmpFiles\system.tmp_save
2026-05-08 14:13:59,303 [INFO] CodeEngine:279 - Generated code: D:\SV\Code\STM32\Buoi4_Nhom5\TEST_UART\MXTmpFiles\system.tmp
2026-05-08 14:13:59,321 [INFO] CodeEngine:311 - oldGeneratedFile, D:\SV\Code\STM32\Buoi4_Nhom5\TEST_UART\Core\Inc\stm32f4xx_hal_conf.h_save
2026-05-08 14:13:59,391 [INFO] CodeEngine:335 - Generated code: D:\SV\Code\STM32\Buoi4_Nhom5\TEST_UART\Core\Inc\stm32f4xx_hal_conf.h
2026-05-08 14:13:59,434 [INFO] CodeEngine:255 - oldGeneratedFile, D:\SV\Code\STM32\Buoi4_Nhom5\TEST_UART\Core\Inc\main.h_save
2026-05-08 14:13:59,492 [INFO] CodeEngine:279 - Generated code: D:\SV\Code\STM32\Buoi4_Nhom5\TEST_UART\Core\Inc\main.h
2026-05-08 14:13:59,507 [INFO] CodeEngine:255 - oldGeneratedFile, D:\SV\Code\STM32\Buoi4_Nhom5\TEST_UART\Core\Src\main.c_save
2026-05-08 14:13:59,569 [INFO] CodeEngine:279 - Generated code: D:\SV\Code\STM32\Buoi4_Nhom5\TEST_UART\Core\Src\main.c
2026-05-08 14:13:59,753 [INFO] ProjectBuilder:3249 - Time for Copy HAL[1] : 100mS.
2026-05-08 14:13:59,755 [INFO] ProjectBuilder:4828 - Project Generator version: 4.5.0-B34
2026-05-08 14:13:59,805 [INFO] ConfigFileManager:1531 - The Die is : DIE433
2026-05-08 14:14:00,868 [INFO] ProjectBuilder:5097 - Time for Generating toolchain IDE Files: 1113mS.
2026-05-08 14:14:00,870 [INFO] ProjectBuilder:3107 - Time for Copy CMSIS : 1mS.
2026-05-08 14:14:00,872 [INFO] ProjectBuilder:3107 - Time for Copy CMSIS : 1mS.
2026-05-08 14:16:14,884 [INFO] WebApp:189 - Connection lost
2026-05-08 14:16:15,108 [INFO] WebApp:186 - Connection restablished
2026-05-08 14:17:45,382 [INFO] WebApp:189 - Connection lost
2026-05-08 14:17:45,596 [INFO] WebApp:186 - Connection restablished
2026-05-08 15:53:06,593 [ERROR] LogOutputStream:75 - [STDERR_REDIRECT] 
